,ConversionID,PlacementID/SearchKeywordID1,PlacementID/SearchKeywordID2,PlacementID/SearchKeywordID3,PlacementID/SearchKeywordID4,PlacementID/SearchKeywordID5,PlacementID/SearchKeywordID6,PlacementID/SearchKeywordID7,PlacementID/SearchKeywordID8,PlacementID/SearchKeywordID9,PlacementID/SearchKeywordID10,PlacementID/SearchKeywordID11,PlacementID/SearchKeywordID12,PlacementID/SearchKeywordID13,PlacementID/SearchKeywordID14,PlacementID/SearchKeywordID15,PlacementID/SearchKeywordID16,PlacementID/SearchKeywordID17,PlacementID/SearchKeywordID18,PlacementID/SearchKeywordID19,PlacementID/SearchKeywordID20,PlacementID/SearchKeywordID21,PlacementID/SearchKeywordID22,PlacementID/SearchKeywordID23,PlacementID/SearchKeywordID24,PlacementID/SearchKeywordID25,PlacementID/SearchKeywordID26,PlacementID/SearchKeywordID27,PlacementID/SearchKeywordID28,PlacementID/SearchKeywordID29,PlacementID/SearchKeywordID30
0,464371561372,21172958.0,,,,,,,,,,,,,,,,,,,,,,,,,,,,,
1,468554934236,21172962.0,21172800.0,21164354.0,,,,,,,,,,,,,,,,,,,,,,,,,,,
2,462905850479,21164354.0,21164354.0,21164354.0,,,,,,,,,,,,,,,,,,,,,,,,,,,
3,464576297536,21172800.0,21172958.0,,,,,,,,,,,,,,,,,,,,,,,,,,,,
4,462516061894,21172800.0,,,,,,,,,,,,,,,,,,,,,,,,,,,,,
5,464371561371,21172958.0,,,,,,,,,,,,,,,,,,,,,,,,,,,,,
6,468549831828,21172962.0,21172800.0,,,,,,,,,,,,,,,,,,,,,,,,,,,,
7,468075604302,21172962.0,21172800.0,21172800.0,21172800.0,21172962.0,21172800.0,21172800.0,21172800.0,21172800.0,21172800.0,21172800.0,21172958.0,21172962.0,21172962.0,21172962.0,,,,,,,,,,,,,,,
8,469143278639,21172962.0,21172958.0,21172958.0,21164354.0,21172958.0,21172962.0,21164354.0,21164354.0,,,,,,,,,,,,,,,,,,,,,,
9,463103423728,21172958.0,,,,,,,,,,,,,,,,,,,,,,,,,,,,,
10,468075604303,21172962.0,21172800.0,21172800.0,21172800.0,21172962.0,21172800.0,21172800.0,21172800.0,21172800.0,21172800.0,21172800.0,21172958.0,21172962.0,21172962.0,21172962.0,,,,,,,,,,,,,,,
11,469143278638,21172962.0,21172958.0,21172958.0,21164354.0,21172958.0,21172962.0,21164354.0,21164354.0,,,,,,,,,,,,,,,,,,,,,,
12,464364639464,21164354.0,21164354.0,,,,,,,,,,,,,,,,,,,,,,,,,,,,
13,468861240321,21164348.0,21164348.0,21164348.0,21164348.0,21164348.0,,,,,,,,,,,,,,,,,,,,,,,,,
14,469427906529,21164348.0,21164348.0,21164348.0,21164348.0,,,,,,,,,,,,,,,,,,,,,,,,,,
15,468861240320,21164348.0,21164348.0,21164348.0,21164348.0,21164348.0,,,,,,,,,,,,,,,,,,,,,,,,,
16,468549831827,21172962.0,21172800.0,,,,,,,,,,,,,,,,,,,,,,,,,,,,
17,469427906530,21164348.0,21164348.0,21164348.0,21164348.0,,,,,,,,,,,,,,,,,,,,,,,,,,
18,468166069292,21172962.0,21172962.0,21164354.0,,,,,,,,,,,,,,,,,,,,,,,,,,,
19,468552939583,21164348.0,21164348.0,21164348.0,21172780.0,21172936.0,21172782.0,21172935.0,,,,,,,,,,,,,,,,,,,,,,,
20,464364639463,21164354.0,21164354.0,,,,,,,,,,,,,,,,,,,,,,,,,,,,
21,468102255088,21164348.0,,,,,,,,,,,,,,,,,,,,,,,,,,,,,
22,468102255089,21164348.0,,,,,,,,,,,,,,,,,,,,,,,,,,,,,
23,469406442120,21164348.0,,,,,,,,,,,,,,,,,,,,,,,,,,,,,
24,468166069291,21172962.0,21172962.0,21164354.0,,,,,,,,,,,,,,,,,,,,,,,,,,,
25,463956962179,21172934.0,21172930.0,21172934.0,21172930.0,21172782.0,,,,,,,,,,,,,,,,,,,,,,,,,
26,463420456059,21172958.0,21172800.0,,,,,,,,,,,,,,,,,,,,,,,,,,,,
27,467927506092,21164354.0,21172958.0,21164354.0,21172962.0,21172962.0,21172800.0,21172800.0,,,,,,,,,,,,,,,,,,,,,,,
28,468238697661,21172782.0,,,,,,,,,,,,,,,,,,,,,,,,,,,,,
29,468595045325,21172930.0,21172933.0,21172934.0,,,,,,,,,,,,,,,,,,,,,,,,,,,
30,468798026613,21172958.0,,,,,,,,,,,,,,,,,,,,,,,,,,,,,
31,463109810082,21172800.0,,,,,,,,,,,,,,,,,,,,,,,,,,,,,
32,467927506093,21164354.0,21172958.0,21164354.0,21172962.0,21172962.0,21172800.0,21172800.0,,,,,,,,,,,,,,,,,,,,,,,
33,467357311382,21164354.0,,,,,,,,,,,,,,,,,,,,,,,,,,,,,
34,469391850847,21164348.0,,,,,,,,,,,,,,,,,,,,,,,,,,,,,
35,469406442119,21164348.0,,,,,,,,,,,,,,,,,,,,,,,,,,,,,
36,467357311383,21164354.0,,,,,,,,,,,,,,,,,,,,,,,,,,,,,
37,468238697662,21172782.0,,,,,,,,,,,,,,,,,,,,,,,,,,,,,
38,468595045326,21172930.0,21172933.0,21172934.0,,,,,,,,,,,,,,,,,,,,,,,,,,,
39,469389863630,21172962.0,21172800.0,,,,,,,,,,,,,,,,,,,,,,,,,,,,
40,463085921455,21172962.0,21172962.0,,,,,,,,,,,,,,,,,,,,,,,,,,,,
41,462935165150,21172962.0,21164354.0,21172958.0,21172962.0,21172962.0,21172962.0,21172800.0,21172800.0,21172800.0,21172962.0,,,,,,,,,,,,,,,,,,,,
42,469105206620,21172958.0,,,,,,,,,,,,,,,,,,,,,,,,,,,,,
43,468842379471,21164348.0,,,,,,,,,,,,,,,,,,,,,,,,,,,,,
44,468868307111,21172958.0,21172958.0,21164348.0,21172800.0,21172800.0,21172800.0,21172929.0,21172800.0,21172962.0,21164354.0,21172800.0,21172800.0,,,,,,,,,,,,,,,,,,
45,468842379470,21164348.0,,,,,,,,,,,,,,,,,,,,,,,,,,,,,
46,468868307110,21172958.0,21172958.0,21164348.0,21172800.0,21172800.0,21172800.0,21172929.0,21172800.0,21172962.0,21164354.0,21172800.0,21172800.0,,,,,,,,,,,,,,,,,,
47,468396459169,21172935.0,,,,,,,,,,,,,,,,,,,,,,,,,,,,,
48,468570303577,21172931.0,21172931.0,21172935.0,21172931.0,21172935.0,21172782.0,21172781.0,21172931.0,21172781.0,21172931.0,,,,,,,,,,,,,,,,,,,,
49,468552939584,21164348.0,21164348.0,21164348.0,21172780.0,21172936.0,21172782.0,21172935.0,,,,,,,,,,,,,,,,,,,,,,,
50,468570303576,21172931.0,21172931.0,21172935.0,21172931.0,21172935.0,21172782.0,21172781.0,21172931.0,21172781.0,21172931.0,,,,,,,,,,,,,,,,,,,,
51,469105206619,21172958.0,,,,,,,,,,,,,,,,,,,,,,,,,,,,,
52,468396459170,21172935.0,,,,,,,,,,,,,,,,,,,,,,,,,,,,,
53,467331538988,21172933.0,21172931.0,21172929.0,21172933.0,21172781.0,21172783.0,21172929.0,21172933.0,21172935.0,21172783.0,21172931.0,,,,,,,,,,,,,,,,,,,
54,468775345541,21164348.0,21164348.0,21164348.0,21164348.0,21164348.0,21164348.0,21164348.0,21164348.0,21164348.0,21164348.0,21172781.0,21172931.0,21172934.0,21164348.0,21164348.0,21172780.0,21172935.0,21172782.0,21172931.0,21172932.0,21172781.0,21172781.0,21164348.0,21164348.0,21172781.0,21172930.0,21172934.0,21164348.0,21172931.0,21172780.0
55,463436101618,21164354.0,21172958.0,21172800.0,,,,,,,,,,,,,,,,,,,,,,,,,,,
56,463939702133,21172800.0,21164354.0,,,,,,,,,,,,,,,,,,,,,,,,,,,,
57,467187696541,21172800.0,21172800.0,21172962.0,21172800.0,21172800.0,21172800.0,21172800.0,21172800.0,21172800.0,21172958.0,21172962.0,21172962.0,21172962.0,,,,,,,,,,,,,,,,,
58,467331538989,21172933.0,21172931.0,21172929.0,21172933.0,21172781.0,21172783.0,21172929.0,21172933.0,21172935.0,21172783.0,21172931.0,,,,,,,,,,,,,,,,,,,
59,468775345540,21164348.0,21164348.0,21164348.0,21164348.0,21164348.0,21164348.0,21164348.0,21164348.0,21164348.0,21164348.0,21172781.0,21172931.0,21164348.0,21172934.0,21164348.0,21172780.0,21172935.0,21172782.0,21172931.0,21172932.0,21172781.0,21172781.0,21164348.0,21164348.0,21172781.0,21172930.0,21172934.0,21164348.0,21172931.0,21172780.0
60,469037786220,21172934.0,21172934.0,21172930.0,21172934.0,21172782.0,21172934.0,21172934.0,21172934.0,21172930.0,21172782.0,21172782.0,21172780.0,21172934.0,21164348.0,21172935.0,21172934.0,,,,,,,,,,,,,,
61,463436101617,21164354.0,21172958.0,21172800.0,,,,,,,,,,,,,,,,,,,,,,,,,,,
62,464088426142,21172931.0,21172781.0,21172934.0,21172934.0,21172780.0,21172934.0,,,,,,,,,,,,,,,,,,,,,,,,
63,467187696542,21172800.0,21172800.0,21172962.0,21172800.0,21172800.0,21172800.0,21172800.0,21172800.0,21172800.0,21172958.0,21172962.0,21172962.0,21172962.0,,,,,,,,,,,,,,,,,
64,467320224070,21172931.0,21172931.0,21172935.0,21172934.0,21172930.0,,,,,,,,,,,,,,,,,,,,,,,,,
65,464088426143,21172931.0,21172781.0,21172934.0,21172934.0,21172780.0,21172934.0,,,,,,,,,,,,,,,,,,,,,,,,
66,464576297535,21172800.0,21172958.0,,,,,,,,,,,,,,,,,,,,,,,,,,,,
67,467320224071,21172931.0,21172931.0,21172935.0,21172934.0,21172930.0,,,,,,,,,,,,,,,,,,,,,,,,,
68,464645835192,21172800.0,21172800.0,21164354.0,21164354.0,21164354.0,,,,,,,,,,,,,,,,,,,,,,,,,
69,469276335496,21164348.0,21172930.0,21164348.0,21164348.0,,,,,,,,,,,,,,,,,,,,,,,,,,
70,469391850848,21164348.0,,,,,,,,,,,,,,,,,,,,,,,,,,,,,
71,467942519882,21172800.0,21172800.0,,,,,,,,,,,,,,,,,,,,,,,,,,,,
72,469037786219,21172934.0,21172934.0,21172930.0,21172934.0,21172782.0,21172934.0,21172934.0,21172934.0,21172930.0,21172782.0,21172782.0,21172780.0,21172934.0,21164348.0,21172935.0,21172934.0,,,,,,,,,,,,,,
73,467942519883,21172800.0,21172800.0,,,,,,,,,,,,,,,,,,,,,,,,,,,,
74,463749541371,21172800.0,21172800.0,21172962.0,21172958.0,,,,,,,,,,,,,,,,,,,,,,,,,,
75,464272581908,21172800.0,21164354.0,21172800.0,21172800.0,21172800.0,,,,,,,,,,,,,,,,,,,,,,,,,
76,469207995637,21172958.0,21172958.0,,,,,,,,,,,,,,,,,,,,,,,,,,,,
77,464272581909,21172800.0,21164354.0,21172800.0,21172800.0,21172800.0,,,,,,,,,,,,,,,,,,,,,,,,,
78,469207995636,21172958.0,21172958.0,,,,,,,,,,,,,,,,,,,,,,,,,,,,
79,464209315374,21164354.0,21164354.0,21164354.0,21164354.0,21172958.0,21172962.0,21172958.0,21164354.0,,,,,,,,,,,,,,,,,,,,,,
80,469276335495,21164348.0,21172930.0,21164348.0,21164348.0,,,,,,,,,,,,,,,,,,,,,,,,,,
81,463240834192,21172782.0,21172782.0,21172930.0,21172782.0,,,,,,,,,,,,,,,,,,,,,,,,,,
82,464209315375,21164354.0,21164354.0,21164354.0,21164354.0,21172958.0,21172962.0,21172958.0,21164354.0,,,,,,,,,,,,,,,,,,,,,,
83,464378723975,21172800.0,21172962.0,21172962.0,,,,,,,,,,,,,,,,,,,,,,,,,,,
84,464645835191,21172800.0,21172800.0,21164354.0,21164354.0,21164354.0,,,,,,,,,,,,,,,,,,,,,,,,,
85,467285367320,21172800.0,21172962.0,21164354.0,21172958.0,,,,,,,,,,,,,,,,,,,,,,,,,,
86,468842310977,21172800.0,21172962.0,21172958.0,21164354.0,21172800.0,21172800.0,21172800.0,21172800.0,21172800.0,21172800.0,21172800.0,21172800.0,21172800.0,21172962.0,21172958.0,21172962.0,21172962.0,21164354.0,21172800.0,21172962.0,21172800.0,21164354.0,,,,,,,,
87,467285367321,21172800.0,21172962.0,21164354.0,21172958.0,,,,,,,,,,,,,,,,,,,,,,,,,,
88,467346478393,21172800.0,21172782.0,,,,,,,,,,,,,,,,,,,,,,,,,,,,
89,468842310976,21172800.0,21172962.0,21172958.0,21164354.0,21172800.0,21172800.0,21172800.0,21172800.0,21172800.0,21172800.0,21172800.0,21172800.0,21172800.0,21172962.0,21172958.0,21172962.0,21172962.0,21164354.0,21172800.0,21172962.0,21172800.0,21164354.0,,,,,,,,
90,467346478394,21172800.0,21172782.0,,,,,,,,,,,,,,,,,,,,,,,,,,,,
91,464272581924,21172800.0,21164354.0,21172800.0,21172800.0,21172800.0,,,,,,,,,,,,,,,,,,,,,,,,,
92,464866964940,21172958.0,21172962.0,21164354.0,21172958.0,21164354.0,21172962.0,21172962.0,21172962.0,21172800.0,21172800.0,21172962.0,21172962.0,21172800.0,21172800.0,21172800.0,21172800.0,21172800.0,21164354.0,21164354.0,21172800.0,21172800.0,21172800.0,21164354.0,21172962.0,21172800.0,21172800.0,21172958.0,21164354.0,21164354.0,21172962.0
93,466288852156,21164348.0,,,,,,,,,,,,,,,,,,,,,,,,,,,,,
94,464371561373,21172958.0,,,,,,,,,,,,,,,,,,,,,,,,,,,,,
95,465340506405,21172958.0,21172962.0,21172962.0,21172962.0,,,,,,,,,,,,,,,,,,,,,,,,,,
96,466288852157,21164348.0,,,,,,,,,,,,,,,,,,,,,,,,,,,,,
97,465340506406,21172958.0,21172962.0,21172962.0,21172962.0,,,,,,,,,,,,,,,,,,,,,,,,,,
98,464635931143,21172958.0,,,,,,,,,,,,,,,,,,,,,,,,,,,,,
99,465340506407,21172958.0,21172962.0,21172962.0,21172962.0,,,,,,,,,,,,,,,,,,,,,,,,,,
100,464088426144,21172931.0,21172781.0,21172934.0,21172934.0,21172780.0,21172934.0,,,,,,,,,,,,,,,,,,,,,,,,
101,464645835200,21172800.0,21172800.0,21164354.0,21164354.0,21164354.0,,,,,,,,,,,,,,,,,,,,,,,,,
102,465340506400,21172958.0,21172962.0,21172962.0,21172962.0,,,,,,,,,,,,,,,,,,,,,,,,,,
103,467359210744,21172800.0,,,,,,,,,,,,,,,,,,,,,,,,,,,,,
104,468549831833,21172962.0,21172800.0,,,,,,,,,,,,,,,,,,,,,,,,,,,,
105,464576297537,21172800.0,21172958.0,,,,,,,,,,,,,,,,,,,,,,,,,,,,
106,464645835201,21172800.0,21172800.0,21164354.0,21164354.0,21164354.0,,,,,,,,,,,,,,,,,,,,,,,,,
107,467465234569,21164354.0,,,,,,,,,,,,,,,,,,,,,,,,,,,,,
108,468842379472,21164348.0,,,,,,,,,,,,,,,,,,,,,,,,,,,,,
109,464866964938,21172958.0,21172962.0,21164354.0,21172958.0,21164354.0,21172962.0,21172962.0,21172962.0,21172800.0,21172800.0,21172962.0,21172962.0,21172800.0,21172800.0,21172800.0,21172800.0,21172800.0,21164354.0,21164354.0,21172800.0,21172800.0,21172800.0,21164354.0,21172962.0,21172800.0,21172800.0,21172958.0,21164354.0,21164354.0,21172962.0
110,467465234570,21164354.0,,,,,,,,,,,,,,,,,,,,,,,,,,,,,
111,464239759883,21172800.0,21164354.0,21164354.0,,,,,,,,,,,,,,,,,,,,,,,,,,,
112,464272581923,21172800.0,21164354.0,21172800.0,21172800.0,21172800.0,,,,,,,,,,,,,,,,,,,,,,,,,
113,464866964939,21172958.0,21172962.0,21164354.0,21172958.0,21164354.0,21172962.0,21172962.0,21172962.0,21172800.0,21172800.0,21172962.0,21172962.0,21172800.0,21172800.0,21172800.0,21172800.0,21172800.0,21164354.0,21164354.0,21172800.0,21172800.0,21172800.0,21164354.0,21172962.0,21172800.0,21172800.0,21172958.0,21164354.0,21164354.0,21172962.0
114,465673911187,21172931.0,21172931.0,,,,,,,,,,,,,,,,,,,,,,,,,,,,
115,465031798988,21172962.0,,,,,,,,,,,,,,,,,,,,,,,,,,,,,
116,466770947548,21164348.0,21172958.0,21164354.0,,,,,,,,,,,,,,,,,,,,,,,,,,,
117,464364639469,21164354.0,21164354.0,,,,,,,,,,,,,,,,,,,,,,,,,,,,
118,465031798989,21172962.0,,,,,,,,,,,,,,,,,,,,,,,,,,,,,
119,467943215301,21172800.0,,,,,,,,,,,,,,,,,,,,,,,,,,,,,
120,464813763318,21172800.0,21172800.0,21172800.0,,,,,,,,,,,,,,,,,,,,,,,,,,,
121,467359210742,21172800.0,,,,,,,,,,,,,,,,,,,,,,,,,,,,,
122,464645689583,21172962.0,21172962.0,21172962.0,21172958.0,21172962.0,21172800.0,21172800.0,21172962.0,21172800.0,21172800.0,21172800.0,21172958.0,21164354.0,21164354.0,21172958.0,21172962.0,21172962.0,21164354.0,21172800.0,,,,,,,,,,,
123,467359210743,21172800.0,,,,,,,,,,,,,,,,,,,,,,,,,,,,,
124,465122721168,21172800.0,21172958.0,21172958.0,,,,,,,,,,,,,,,,,,,,,,,,,,,
125,465554984832,21164354.0,21172962.0,21172958.0,21172962.0,21172800.0,21172962.0,21172962.0,21172800.0,21172800.0,21172800.0,21172800.0,21164354.0,21172800.0,21172800.0,21172958.0,,,,,,,,,,,,,,,
126,465597477632,21172934.0,,,,,,,,,,,,,,,,,,,,,,,,,,,,,
127,465836006240,21172800.0,21172800.0,21172800.0,,,,,,,,,,,,,,,,,,,,,,,,,,,
128,466833840240,21172800.0,21172800.0,21172962.0,21172800.0,21172800.0,21172800.0,21172800.0,21172800.0,21172800.0,21172958.0,21172962.0,21172962.0,21172962.0,,,,,,,,,,,,,,,,,
129,465554984833,21164354.0,21172962.0,21172958.0,21172962.0,21172800.0,21172962.0,21172962.0,21172800.0,21172800.0,21172800.0,21172800.0,21164354.0,21172800.0,21172800.0,21172958.0,,,,,,,,,,,,,,,
130,465597477633,21172934.0,,,,,,,,,,,,,,,,,,,,,,,,,,,,,
131,465836006241,21172800.0,21172800.0,21172800.0,,,,,,,,,,,,,,,,,,,,,,,,,,,
132,469537007192,21172958.0,21172958.0,,,,,,,,,,,,,,,,,,,,,,,,,,,,
133,465023140330,21172800.0,21172958.0,,,,,,,,,,,,,,,,,,,,,,,,,,,,
134,465031798986,21172962.0,,,,,,,,,,,,,,,,,,,,,,,,,,,,,
135,465332298226,21172958.0,,,,,,,,,,,,,,,,,,,,,,,,,,,,,
136,465554984834,21164354.0,21172962.0,21172958.0,21172962.0,21172800.0,21172962.0,21172962.0,21172800.0,21172800.0,21172800.0,21172800.0,21164354.0,21172800.0,21172800.0,21172958.0,,,,,,,,,,,,,,,
137,465836006242,21172800.0,21172800.0,21172800.0,,,,,,,,,,,,,,,,,,,,,,,,,,,
138,469427906531,21164348.0,21164348.0,21164348.0,21164348.0,,,,,,,,,,,,,,,,,,,,,,,,,,
139,464917496875,21164354.0,21172958.0,21164354.0,21172958.0,21172800.0,,,,,,,,,,,,,,,,,,,,,,,,,
140,465023140331,21172800.0,21172958.0,,,,,,,,,,,,,,,,,,,,,,,,,,,,
141,465031798987,21172962.0,,,,,,,,,,,,,,,,,,,,,,,,,,,,,
142,465333075291,21172782.0,21172936.0,,,,,,,,,,,,,,,,,,,,,,,,,,,,
143,465554984835,21164354.0,21172962.0,21172958.0,21172962.0,21172800.0,21172962.0,21172962.0,21172800.0,21172800.0,21172800.0,21172800.0,21164354.0,21172800.0,21172800.0,21172958.0,,,,,,,,,,,,,,,
144,465836006243,21172800.0,21172800.0,21172800.0,,,,,,,,,,,,,,,,,,,,,,,,,,,
145,467401167179,21164354.0,21164354.0,21164354.0,21164354.0,21164348.0,21172958.0,21172962.0,21172958.0,21164354.0,21172800.0,21172800.0,21172962.0,21172958.0,21172958.0,21172962.0,21164354.0,21172962.0,21172962.0,21164354.0,21172962.0,21172800.0,21172962.0,21172800.0,21172962.0,21172958.0,21172962.0,21172800.0,21172962.0,21172962.0,21172958.0
146,468249415770,21172782.0,21172934.0,21172782.0,,,,,,,,,,,,,,,,,,,,,,,,,,,
147,468861240322,21164348.0,21164348.0,21164348.0,21164348.0,21164348.0,,,,,,,,,,,,,,,,,,,,,,,,,
148,464209315380,21164354.0,21164354.0,21164354.0,21164354.0,21172958.0,21172962.0,21172958.0,21164354.0,,,,,,,,,,,,,,,,,,,,,,
149,464232627908,21164354.0,,,,,,,,,,,,,,,,,,,,,,,,,,,,,
150,464911874756,21172958.0,21164354.0,21164354.0,21172958.0,21164354.0,21172800.0,21172800.0,21172800.0,21172800.0,21172800.0,21172800.0,21172800.0,21164354.0,21172958.0,21164354.0,21172800.0,21164354.0,21172800.0,21172800.0,21172800.0,21172800.0,21172958.0,21172962.0,21164354.0,21172962.0,21172800.0,21172958.0,,,
151,464920650356,21172958.0,,,,,,,,,,,,,,,,,,,,,,,,,,,,,
152,466491584620,21164348.0,21172958.0,21164354.0,,,,,,,,,,,,,,,,,,,,,,,,,,,
153,468166069293,21172962.0,21172962.0,21164354.0,,,,,,,,,,,,,,,,,,,,,,,,,,,
154,465124630973,21172962.0,21172962.0,21172800.0,21164354.0,21172800.0,21172800.0,21172800.0,,,,,,,,,,,,,,,,,,,,,,,
155,466491584621,21164348.0,21172958.0,21164354.0,,,,,,,,,,,,,,,,,,,,,,,,,,,
156,469406442124,21164348.0,,,,,,,,,,,,,,,,,,,,,,,,,,,,,
157,466491584622,21164348.0,21172958.0,21164354.0,,,,,,,,,,,,,,,,,,,,,,,,,,,
158,466491584623,21164348.0,21172958.0,21164354.0,,,,,,,,,,,,,,,,,,,,,,,,,,,
159,468166069294,21172962.0,21172962.0,21164354.0,,,,,,,,,,,,,,,,,,,,,,,,,,,
160,469296910462,21172800.0,21172800.0,21172800.0,21172800.0,21172800.0,,,,,,,,,,,,,,,,,,,,,,,,,
161,464209315376,21164354.0,21164354.0,21164354.0,21164354.0,21172958.0,21172962.0,21172958.0,21164354.0,,,,,,,,,,,,,,,,,,,,,,
162,464533553296,21172962.0,21172962.0,,,,,,,,,,,,,,,,,,,,,,,,,,,,
163,468798026617,21172958.0,,,,,,,,,,,,,,,,,,,,,,,,,,,,,
164,469406442121,21164348.0,,,,,,,,,,,,,,,,,,,,,,,,,,,,,
165,464209315377,21164354.0,21164354.0,21164354.0,21164354.0,21172958.0,21172962.0,21172958.0,21164354.0,,,,,,,,,,,,,,,,,,,,,,
166,464533553297,21172962.0,21172962.0,,,,,,,,,,,,,,,,,,,,,,,,,,,,
167,464911874753,21172958.0,21164354.0,21164354.0,21172958.0,21164354.0,21172800.0,21172800.0,21172800.0,21172800.0,21172800.0,21172800.0,21172800.0,21164354.0,21172958.0,21164354.0,21172800.0,21164354.0,21172800.0,21172800.0,21172800.0,21172800.0,21172958.0,21172962.0,21164354.0,21172962.0,21172800.0,21172958.0,,,
168,468798026616,21172958.0,,,,,,,,,,,,,,,,,,,,,,,,,,,,,
169,469599721720,21172800.0,21172962.0,21172962.0,21172958.0,21172958.0,21172800.0,21172800.0,21164354.0,21172958.0,,,,,,,,,,,,,,,,,,,,,
170,464209315378,21164354.0,21164354.0,21164354.0,21164354.0,21172958.0,21172962.0,21172958.0,21164354.0,,,,,,,,,,,,,,,,,,,,,,
171,464366028178,21172958.0,21172958.0,21164354.0,,,,,,,,,,,,,,,,,,,,,,,,,,,
172,464911874754,21172958.0,21164354.0,21164354.0,21172958.0,21164354.0,21172800.0,21172800.0,21172800.0,21172800.0,21172800.0,21172800.0,21172800.0,21164354.0,21172958.0,21164354.0,21172800.0,21164354.0,21172800.0,21172800.0,21172800.0,21172800.0,21172958.0,21172962.0,21164354.0,21172962.0,21172800.0,21172958.0,,,
173,466491584618,21164348.0,21172958.0,21164354.0,,,,,,,,,,,,,,,,,,,,,,,,,,,
174,468102255090,21164348.0,,,,,,,,,,,,,,,,,,,,,,,,,,,,,
175,469406442123,21164348.0,,,,,,,,,,,,,,,,,,,,,,,,,,,,,
176,464209315379,21164354.0,21164354.0,21164354.0,21164354.0,21172958.0,21172962.0,21172958.0,21164354.0,,,,,,,,,,,,,,,,,,,,,,
177,464911874755,21172958.0,21164354.0,21164354.0,21172958.0,21164354.0,21172800.0,21172800.0,21172800.0,21172800.0,21172800.0,21172800.0,21172800.0,21164354.0,21172958.0,21164354.0,21172800.0,21164354.0,21172800.0,21172800.0,21172800.0,21172800.0,21172958.0,21172962.0,21164354.0,21172962.0,21172800.0,21172958.0,,,
178,466491584619,21164348.0,21172958.0,21164354.0,,,,,,,,,,,,,,,,,,,,,,,,,,,
179,468102255091,21164348.0,,,,,,,,,,,,,,,,,,,,,,,,,,,,,
180,469406442122,21164348.0,,,,,,,,,,,,,,,,,,,,,,,,,,,,,
181,465792286548,21172782.0,21172930.0,,,,,,,,,,,,,,,,,,,,,,,,,,,,
182,466142645476,21164348.0,,,,,,,,,,,,,,,,,,,,,,,,,,,,,
183,466491584612,21164348.0,21172958.0,21164354.0,,,,,,,,,,,,,,,,,,,,,,,,,,,
184,466620440372,21172800.0,21172800.0,,,,,,,,,,,,,,,,,,,,,,,,,,,,
185,467323092212,21172781.0,,,,,,,,,,,,,,,,,,,,,,,,,,,,,
186,467888966044,21172962.0,21172962.0,21164354.0,,,,,,,,,,,,,,,,,,,,,,,,,,,
187,465196468893,21172800.0,21172800.0,21172800.0,21172962.0,21172962.0,,,,,,,,,,,,,,,,,,,,,,,,,
188,465792286549,21172782.0,21172930.0,,,,,,,,,,,,,,,,,,,,,,,,,,,,
189,466142645477,21164348.0,,,,,,,,,,,,,,,,,,,,,,,,,,,,,
190,466620440373,21172800.0,21172800.0,,,,,,,,,,,,,,,,,,,,,,,,,,,,
191,467323092213,21172781.0,,,,,,,,,,,,,,,,,,,,,,,,,,,,,
192,467501170421,21172800.0,21164348.0,21172958.0,21164354.0,,,,,,,,,,,,,,,,,,,,,,,,,,
193,467888966045,21172962.0,21172962.0,21164354.0,,,,,,,,,,,,,,,,,,,,,,,,,,,
194,465124630966,21172962.0,21172962.0,21172800.0,21164354.0,21172800.0,21172800.0,21172800.0,,,,,,,,,,,,,,,,,,,,,,,
195,465235288150,21172958.0,21172962.0,21164354.0,21172962.0,21172962.0,21164354.0,21164354.0,21164354.0,21172958.0,21172962.0,21172958.0,21164354.0,21172962.0,21172800.0,21172962.0,21172962.0,21172958.0,21172958.0,21172962.0,21172958.0,21172962.0,21172800.0,21164354.0,21172800.0,21172800.0,21172962.0,21172958.0,21164354.0,21172962.0,21164354.0
196,465472545102,21172800.0,21164354.0,21172962.0,21164354.0,21172958.0,21172958.0,21164354.0,21172958.0,21172962.0,21172958.0,21172958.0,21164354.0,21172958.0,21164354.0,21172962.0,21172958.0,21172962.0,21172800.0,21164354.0,21172962.0,21172958.0,21172962.0,21164354.0,21172958.0,21164354.0,21172962.0,21172962.0,21172962.0,21172800.0,21172800.0
197,465792286550,21172782.0,21172930.0,,,,,,,,,,,,,,,,,,,,,,,,,,,,
198,466142645478,21164348.0,,,,,,,,,,,,,,,,,,,,,,,,,,,,,
199,466620440374,21172800.0,21172800.0,,,,,,,,,,,,,,,,,,,,,,,,,,,,
200,468238697663,21172782.0,,,,,,,,,,,,,,,,,,,,,,,,,,,,,
201,468595045327,21172930.0,21172933.0,21172934.0,,,,,,,,,,,,,,,,,,,,,,,,,,,
202,468798026615,21172958.0,,,,,,,,,,,,,,,,,,,,,,,,,,,,,
203,465124630967,21172962.0,21172962.0,21172800.0,21164354.0,21172800.0,21172800.0,21172800.0,,,,,,,,,,,,,,,,,,,,,,,
204,465235288151,21172958.0,21172962.0,21164354.0,21172962.0,21172962.0,21164354.0,21164354.0,21164354.0,21172958.0,21172962.0,21172958.0,21164354.0,21172962.0,21172800.0,21172962.0,21172962.0,21172958.0,21172958.0,21172962.0,21172958.0,21172962.0,21172800.0,21164354.0,21172800.0,21172800.0,21172962.0,21172958.0,21164354.0,21172962.0,21164354.0
205,465792286551,21172782.0,21172930.0,,,,,,,,,,,,,,,,,,,,,,,,,,,,
206,466142645479,21164348.0,,,,,,,,,,,,,,,,,,,,,,,,,,,,,
207,467816093527,21172962.0,21172800.0,21172962.0,21172962.0,21164354.0,21172962.0,21172958.0,21172958.0,21172962.0,21172962.0,,,,,,,,,,,,,,,,,,,,
208,468798026614,21172958.0,,,,,,,,,,,,,,,,,,,,,,,,,,,,,
209,464079473952,21164354.0,21172958.0,,,,,,,,,,,,,,,,,,,,,,,,,,,,
210,465218310072,21172958.0,21172962.0,21164354.0,21164354.0,21172962.0,21172800.0,21164354.0,21172962.0,21172800.0,21172800.0,,,,,,,,,,,,,,,,,,,,
211,465333075296,21172782.0,21172936.0,,,,,,,,,,,,,,,,,,,,,,,,,,,,
212,465983081912,21172800.0,,,,,,,,,,,,,,,,,,,,,,,,,,,,,
213,466044356008,21172935.0,21172800.0,21172958.0,,,,,,,,,,,,,,,,,,,,,,,,,,,
214,469143278649,21172962.0,21172958.0,21172958.0,21164354.0,21172958.0,21172962.0,21164354.0,21164354.0,,,,,,,,,,,,,,,,,,,,,,
215,469599721713,21172800.0,21172962.0,21172962.0,21172958.0,21172958.0,21172800.0,21172800.0,21164354.0,21172958.0,,,,,,,,,,,,,,,,,,,,,
216,465196468889,21172800.0,21172800.0,21172800.0,21172962.0,21172962.0,,,,,,,,,,,,,,,,,,,,,,,,,
217,465198902593,21172800.0,21172800.0,21172800.0,21172958.0,,,,,,,,,,,,,,,,,,,,,,,,,,
218,465218310073,21172958.0,21172962.0,21164354.0,21164354.0,21172962.0,21172800.0,21164354.0,21172962.0,21172800.0,21172800.0,,,,,,,,,,,,,,,,,,,,
219,465333075297,21172782.0,21172936.0,,,,,,,,,,,,,,,,,,,,,,,,,,,,
220,465983081913,21172800.0,,,,,,,,,,,,,,,,,,,,,,,,,,,,,
221,466044356009,21172935.0,21172800.0,21172958.0,,,,,,,,,,,,,,,,,,,,,,,,,,,
222,466142645473,21164348.0,,,,,,,,,,,,,,,,,,,,,,,,,,,,,
223,467357311401,21164354.0,,,,,,,,,,,,,,,,,,,,,,,,,,,,,
224,469143278648,21172962.0,21172958.0,21172958.0,21164354.0,21172958.0,21172962.0,21164354.0,21164354.0,,,,,,,,,,,,,,,,,,,,,,
225,469599721712,21172800.0,21172962.0,21172962.0,21172958.0,21172958.0,21172800.0,21172800.0,21164354.0,21172958.0,,,,,,,,,,,,,,,,,,,,,
226,465196468890,21172800.0,21172800.0,21172800.0,21172962.0,21172962.0,,,,,,,,,,,,,,,,,,,,,,,,,
227,465792286546,21172782.0,21172930.0,,,,,,,,,,,,,,,,,,,,,,,,,,,,
228,466044356010,21172935.0,21172800.0,21172958.0,,,,,,,,,,,,,,,,,,,,,,,,,,,
229,466142645474,21164348.0,,,,,,,,,,,,,,,,,,,,,,,,,,,,,
230,467888966042,21172962.0,21172962.0,21164354.0,,,,,,,,,,,,,,,,,,,,,,,,,,,
231,465792286547,21172782.0,21172930.0,,,,,,,,,,,,,,,,,,,,,,,,,,,,
232,466142645475,21164348.0,,,,,,,,,,,,,,,,,,,,,,,,,,,,,
233,466491584611,21164348.0,21172958.0,21164354.0,,,,,,,,,,,,,,,,,,,,,,,,,,,
234,467888966043,21172962.0,21172962.0,21164354.0,,,,,,,,,,,,,,,,,,,,,,,,,,,
235,469143278650,21172962.0,21172958.0,21172958.0,21164354.0,21172958.0,21172962.0,21164354.0,21164354.0,,,,,,,,,,,,,,,,,,,,,,
236,464492190188,21172958.0,,,,,,,,,,,,,,,,,,,,,,,,,,,,,
237,465235288164,21172958.0,21172962.0,21164354.0,21172962.0,21172962.0,21164354.0,21164354.0,21164354.0,21172958.0,21172962.0,21172958.0,21164354.0,21172962.0,21172800.0,21172962.0,21172962.0,21172958.0,21172958.0,21172962.0,21172958.0,21172962.0,21172800.0,21164354.0,21172800.0,21172800.0,21172962.0,21172958.0,21164354.0,21172962.0,21164354.0
238,465340326076,21172782.0,21172962.0,21164354.0,21172958.0,,,,,,,,,,,,,,,,,,,,,,,,,,
239,468411229069,21172962.0,21172800.0,21172958.0,21172800.0,21172800.0,21172962.0,21172962.0,21172962.0,21172958.0,21164354.0,21172958.0,21164354.0,,,,,,,,,,,,,,,,,,
240,469105206621,21172958.0,,,,,,,,,,,,,,,,,,,,,,,,,,,,,
241,469143278645,21172962.0,21172958.0,21172958.0,21164354.0,21172958.0,21172962.0,21164354.0,21164354.0,,,,,,,,,,,,,,,,,,,,,,
242,469715824229,21164354.0,21172958.0,21172958.0,21164348.0,21172800.0,21172800.0,21172800.0,21172929.0,21172800.0,21172962.0,21164354.0,21172800.0,21172800.0,,,,,,,,,,,,,,,,,
243,465235288165,21172958.0,21172962.0,21164354.0,21172962.0,21172962.0,21164354.0,21164354.0,21164354.0,21172958.0,21172962.0,21172958.0,21164354.0,21172962.0,21172800.0,21172962.0,21172962.0,21172958.0,21172958.0,21172962.0,21172958.0,21172962.0,21172800.0,21164354.0,21172800.0,21172800.0,21172962.0,21172958.0,21164354.0,21172962.0,21164354.0
244,465340326077,21172782.0,21172962.0,21164354.0,21172958.0,,,,,,,,,,,,,,,,,,,,,,,,,,
245,468396459172,21172935.0,,,,,,,,,,,,,,,,,,,,,,,,,,,,,
246,469143278644,21172962.0,21172958.0,21172958.0,21164354.0,21172958.0,21172962.0,21164354.0,21164354.0,,,,,,,,,,,,,,,,,,,,,,
247,464479132870,21172958.0,,,,,,,,,,,,,,,,,,,,,,,,,,,,,
248,465340326078,21172782.0,21172962.0,21164354.0,21172958.0,,,,,,,,,,,,,,,,,,,,,,,,,,
249,465673911182,21172931.0,21172931.0,,,,,,,,,,,,,,,,,,,,,,,,,,,,
250,465983081910,21172800.0,,,,,,,,,,,,,,,,,,,,,,,,,,,,,
251,469143278647,21172962.0,21172958.0,21172958.0,21164354.0,21172958.0,21172962.0,21164354.0,21164354.0,,,,,,,,,,,,,,,,,,,,,,
252,465535008671,21172958.0,21164354.0,21172962.0,21172958.0,21172958.0,21172958.0,,,,,,,,,,,,,,,,,,,,,,,,
253,465673911183,21172931.0,21172931.0,,,,,,,,,,,,,,,,,,,,,,,,,,,,
254,466044356007,21172935.0,21172800.0,21172958.0,,,,,,,,,,,,,,,,,,,,,,,,,,,
255,469105206622,21172958.0,,,,,,,,,,,,,,,,,,,,,,,,,,,,,
256,469143278646,21172962.0,21172958.0,21172958.0,21164354.0,21172958.0,21172962.0,21164354.0,21164354.0,,,,,,,,,,,,,,,,,,,,,,
257,464118446968,21172934.0,,,,,,,,,,,,,,,,,,,,,,,,,,,,,
258,467320224072,21172931.0,21172931.0,21172935.0,21172934.0,21172930.0,,,,,,,,,,,,,,,,,,,,,,,,,
259,468552939585,21164348.0,21164348.0,21164348.0,21172780.0,21172936.0,21172782.0,21172935.0,,,,,,,,,,,,,,,,,,,,,,,
260,468729322449,21164377.0,21164377.0,21164377.0,21164377.0,,,,,,,,,,,,,,,,,,,,,,,,,,
261,469143278641,21172962.0,21172958.0,21172958.0,21164354.0,21172958.0,21172962.0,21164354.0,21164354.0,,,,,,,,,,,,,,,,,,,,,,
262,469297935201,21172800.0,21172931.0,21172800.0,21172930.0,21172800.0,21172800.0,21172800.0,,,,,,,,,,,,,,,,,,,,,,,
263,464118446969,21172934.0,,,,,,,,,,,,,,,,,,,,,,,,,,,,,
264,465023140337,21172800.0,21172958.0,,,,,,,,,,,,,,,,,,,,,,,,,,,,
265,467320224073,21172931.0,21172931.0,21172935.0,21172934.0,21172930.0,,,,,,,,,,,,,,,,,,,,,,,,,
266,468954244544,21172800.0,,,,,,,,,,,,,,,,,,,,,,,,,,,,,
267,469143278640,21172962.0,21172958.0,21172958.0,21164354.0,21172958.0,21172962.0,21164354.0,21164354.0,,,,,,,,,,,,,,,,,,,,,,
268,464832276266,21172800.0,,,,,,,,,,,,,,,,,,,,,,,,,,,,,
269,465023140338,21172800.0,21172958.0,,,,,,,,,,,,,,,,,,,,,,,,,,,,
270,467320224074,21172931.0,21172931.0,21172935.0,21172934.0,21172930.0,,,,,,,,,,,,,,,,,,,,,,,,,
271,467607388178,21172962.0,21164354.0,21172800.0,21172958.0,21172958.0,,,,,,,,,,,,,,,,,,,,,,,,,
272,468075604306,21172962.0,21172800.0,21172800.0,21172800.0,21172962.0,21172800.0,21172800.0,21172800.0,21172800.0,21172800.0,21172800.0,21172958.0,21172962.0,21172962.0,21172962.0,,,,,,,,,,,,,,,
273,468570303579,21172931.0,21172931.0,21172935.0,21172931.0,21172935.0,21172782.0,21172781.0,21172931.0,21172781.0,21172931.0,,,,,,,,,,,,,,,,,,,,
274,468729322451,21164377.0,21164377.0,21164377.0,21164377.0,,,,,,,,,,,,,,,,,,,,,,,,,,
275,469143278643,21172962.0,21172958.0,21172958.0,21164354.0,21172958.0,21172962.0,21164354.0,21164354.0,,,,,,,,,,,,,,,,,,,,,,
276,467320224075,21172931.0,21172931.0,21172935.0,21172934.0,21172930.0,,,,,,,,,,,,,,,,,,,,,,,,,
277,468570303578,21172931.0,21172931.0,21172935.0,21172931.0,21172935.0,21172782.0,21172781.0,21172931.0,21172781.0,21172931.0,,,,,,,,,,,,,,,,,,,,
278,468729322450,21164377.0,21164377.0,21164377.0,21164377.0,,,,,,,,,,,,,,,,,,,,,,,,,,
279,469143278642,21172962.0,21172958.0,21172958.0,21164354.0,21172958.0,21172962.0,21164354.0,21164354.0,,,,,,,,,,,,,,,,,,,,,,
280,465122721164,21172800.0,21172958.0,21172958.0,,,,,,,,,,,,,,,,,,,,,,,,,,,
281,465896791956,21172782.0,21164348.0,21172782.0,21172930.0,21164348.0,,,,,,,,,,,,,,,,,,,,,,,,,
282,466049357212,21172781.0,21172931.0,21172935.0,21172935.0,21172935.0,21172935.0,21172931.0,21172935.0,21172781.0,21172935.0,21172935.0,21172931.0,,,,,,,,,,,,,,,,,,
283,467888274516,21164348.0,21172800.0,21172935.0,21172934.0,21172800.0,21172800.0,,,,,,,,,,,,,,,,,,,,,,,,
284,467942519884,21172800.0,21172800.0,,,,,,,,,,,,,,,,,,,,,,,,,,,,
285,468701623237,21172958.0,,,,,,,,,,,,,,,,,,,,,,,,,,,,,
286,468960717389,21164354.0,21164354.0,,,,,,,,,,,,,,,,,,,,,,,,,,,,
287,469037786221,21172934.0,21172934.0,21172930.0,21172934.0,21172782.0,21172934.0,21172934.0,21172934.0,21172930.0,21172782.0,21172782.0,21172780.0,21172934.0,21164348.0,21172935.0,21172934.0,,,,,,,,,,,,,,
288,464118446965,21172934.0,,,,,,,,,,,,,,,,,,,,,,,,,,,,,
289,465122721165,21172800.0,21172958.0,21172958.0,,,,,,,,,,,,,,,,,,,,,,,,,,,
290,465191147181,21172800.0,,,,,,,,,,,,,,,,,,,,,,,,,,,,,
291,466049357213,21172781.0,21172931.0,21172935.0,21172935.0,21172935.0,21172935.0,21172931.0,21172935.0,21172781.0,21172935.0,21172935.0,21172931.0,,,,,,,,,,,,,,,,,,
292,468868307132,21172958.0,21172958.0,21164348.0,21172800.0,21172800.0,21172800.0,21172929.0,21172800.0,21172962.0,21164354.0,21172800.0,21172800.0,,,,,,,,,,,,,,,,,,
293,468960717388,21164354.0,21164354.0,,,,,,,,,,,,,,,,,,,,,,,,,,,,
294,464118446966,21172934.0,,,,,,,,,,,,,,,,,,,,,,,,,,,,,
295,464645835198,21172800.0,21172800.0,21164354.0,21164354.0,21164354.0,,,,,,,,,,,,,,,,,,,,,,,,,
296,465191147182,21172800.0,,,,,,,,,,,,,,,,,,,,,,,,,,,,,
297,465856589854,21172958.0,21172935.0,21172800.0,21164354.0,21164354.0,,,,,,,,,,,,,,,,,,,,,,,,,
298,466049357214,21172781.0,21172931.0,21172935.0,21172935.0,21172935.0,21172935.0,21172931.0,21172935.0,21172781.0,21172935.0,21172935.0,21172931.0,,,,,,,,,,,,,,,,,,
299,467331538990,21172933.0,21172931.0,21172929.0,21172933.0,21172781.0,21172783.0,21172929.0,21172933.0,21172935.0,21172783.0,21172931.0,,,,,,,,,,,,,,,,,,,
300,468960717391,21164354.0,21164354.0,,,,,,,,,,,,,,,,,,,,,,,,,,,,
301,469037786223,21172934.0,21172934.0,21172930.0,21172934.0,21172782.0,21172934.0,21172934.0,21172934.0,21172930.0,21172782.0,21172782.0,21172780.0,21172934.0,21164348.0,21172935.0,21172934.0,,,,,,,,,,,,,,
302,464118446967,21172934.0,,,,,,,,,,,,,,,,,,,,,,,,,,,,,
303,464645835199,21172800.0,21172800.0,21164354.0,21164354.0,21164354.0,,,,,,,,,,,,,,,,,,,,,,,,,
304,465122721167,21172800.0,21172958.0,21172958.0,,,,,,,,,,,,,,,,,,,,,,,,,,,
305,465340506399,21172958.0,21172962.0,21172962.0,21172962.0,,,,,,,,,,,,,,,,,,,,,,,,,,
306,468701623238,21172958.0,,,,,,,,,,,,,,,,,,,,,,,,,,,,,
307,468775345542,21164348.0,21164348.0,21164348.0,21164348.0,21164348.0,21164348.0,21164348.0,21164348.0,21164348.0,21164348.0,21172781.0,21172931.0,21164348.0,21172934.0,21164348.0,21172780.0,21172935.0,21172782.0,21172931.0,21172932.0,21172781.0,21172781.0,21164348.0,21164348.0,21172781.0,21172930.0,21172934.0,21164348.0,21172931.0,21172780.0
308,468960717390,21164354.0,21164354.0,,,,,,,,,,,,,,,,,,,,,,,,,,,,
309,469037786222,21172934.0,21172934.0,21172930.0,21172934.0,21172782.0,21172934.0,21172934.0,21172934.0,21172930.0,21172782.0,21172782.0,21172780.0,21172934.0,21164348.0,21172935.0,21172934.0,,,,,,,,,,,,,,
310,464378723976,21172800.0,21172962.0,21172962.0,,,,,,,,,,,,,,,,,,,,,,,,,,,
311,464803950232,21172962.0,21172962.0,21172958.0,,,,,,,,,,,,,,,,,,,,,,,,,,,
312,464914698488,21164354.0,,,,,,,,,,,,,,,,,,,,,,,,,,,,,
313,465026205224,21164354.0,,,,,,,,,,,,,,,,,,,,,,,,,,,,,
314,466049357208,21172781.0,21172931.0,21172935.0,21172935.0,21172935.0,21172935.0,21172931.0,21172935.0,21172781.0,21172935.0,21172935.0,21172931.0,,,,,,,,,,,,,,,,,,
315,466491584624,21164348.0,21172958.0,21164354.0,,,,,,,,,,,,,,,,,,,,,,,,,,,
316,468842310985,21172800.0,21172962.0,21172958.0,21164354.0,21172800.0,21172800.0,21172800.0,21172800.0,21172800.0,21172800.0,21172800.0,21172800.0,21172800.0,21172962.0,21172958.0,21172962.0,21172962.0,21164354.0,21172800.0,21172962.0,21172800.0,21164354.0,,,,,,,,
317,469276335497,21164348.0,21172930.0,21164348.0,21164348.0,,,,,,,,,,,,,,,,,,,,,,,,,,
318,469389863641,21172962.0,21172800.0,,,,,,,,,,,,,,,,,,,,,,,,,,,,
319,469391850849,21164348.0,,,,,,,,,,,,,,,,,,,,,,,,,,,,,
320,464378723977,21172800.0,21172962.0,21172962.0,,,,,,,,,,,,,,,,,,,,,,,,,,,
321,464914698489,21164354.0,,,,,,,,,,,,,,,,,,,,,,,,,,,,,
322,466049357209,21172781.0,21172931.0,21172935.0,21172935.0,21172935.0,21172935.0,21172931.0,21172935.0,21172781.0,21172935.0,21172935.0,21172931.0,,,,,,,,,,,,,,,,,,
323,466491584625,21164348.0,21172958.0,21164354.0,,,,,,,,,,,,,,,,,,,,,,,,,,,
324,469389863640,21172962.0,21172800.0,,,,,,,,,,,,,,,,,,,,,,,,,,,,
325,464378723978,21172800.0,21172962.0,21172962.0,,,,,,,,,,,,,,,,,,,,,,,,,,,
326,464914698490,21164354.0,,,,,,,,,,,,,,,,,,,,,,,,,,,,,
327,465191147178,21172800.0,,,,,,,,,,,,,,,,,,,,,,,,,,,,,
328,465896791954,21172782.0,21164348.0,21172782.0,21172930.0,21164348.0,,,,,,,,,,,,,,,,,,,,,,,,,
329,466049357210,21172781.0,21172931.0,21172935.0,21172935.0,21172935.0,21172935.0,21172931.0,21172935.0,21172781.0,21172935.0,21172935.0,21172931.0,,,,,,,,,,,,,,,,,,
330,467131396954,21164348.0,21172958.0,21164354.0,,,,,,,,,,,,,,,,,,,,,,,,,,,
331,468960717387,21164354.0,21164354.0,,,,,,,,,,,,,,,,,,,,,,,,,,,,
332,469391850851,21164348.0,,,,,,,,,,,,,,,,,,,,,,,,,,,,,
333,464914698491,21164354.0,,,,,,,,,,,,,,,,,,,,,,,,,,,,,
334,465191147179,21172800.0,,,,,,,,,,,,,,,,,,,,,,,,,,,,,
335,465535008683,21172958.0,21164354.0,21172962.0,21172958.0,21172958.0,21172958.0,,,,,,,,,,,,,,,,,,,,,,,,
336,465896791955,21172782.0,21164348.0,21172782.0,21172930.0,21164348.0,,,,,,,,,,,,,,,,,,,,,,,,,
337,466049357211,21172781.0,21172931.0,21172935.0,21172935.0,21172935.0,21172935.0,21172931.0,21172935.0,21172781.0,21172935.0,21172935.0,21172931.0,,,,,,,,,,,,,,,,,,
338,467131396955,21164348.0,21172958.0,21164354.0,,,,,,,,,,,,,,,,,,,,,,,,,,,
339,469276335498,21164348.0,21172930.0,21164348.0,21164348.0,,,,,,,,,,,,,,,,,,,,,,,,,,
340,469389863642,21172962.0,21172800.0,,,,,,,,,,,,,,,,,,,,,,,,,,,,
341,469391850850,21164348.0,,,,,,,,,,,,,,,,,,,,,,,,,,,,,
342,464895017876,21172800.0,21172800.0,21172800.0,21172958.0,,,,,,,,,,,,,,,,,,,,,,,,,,
343,464920650348,21172958.0,,,,,,,,,,,,,,,,,,,,,,,,,,,,,
344,465026205220,21164354.0,,,,,,,,,,,,,,,,,,,,,,,,,,,,,
345,465836006236,21172800.0,21172800.0,21172800.0,,,,,,,,,,,,,,,,,,,,,,,,,,,
346,465026205221,21164354.0,,,,,,,,,,,,,,,,,,,,,,,,,,,,,
347,467346478397,21172800.0,21172782.0,,,,,,,,,,,,,,,,,,,,,,,,,,,,
348,468842447668,21172800.0,21164354.0,21172958.0,,,,,,,,,,,,,,,,,,,,,,,,,,,
349,468973904708,21172800.0,21172800.0,21172800.0,21172800.0,21172800.0,21172800.0,21172800.0,21172800.0,21172962.0,,,,,,,,,,,,,,,,,,,,,
350,465026205222,21164354.0,,,,,,,,,,,,,,,,,,,,,,,,,,,,,
351,469389863639,21172962.0,21172800.0,,,,,,,,,,,,,,,,,,,,,,,,,,,,
352,469767710479,21164354.0,,,,,,,,,,,,,,,,,,,,,,,,,,,,,
353,464259218991,21164354.0,21172958.0,,,,,,,,,,,,,,,,,,,,,,,,,,,,
354,464803950231,21172962.0,21172962.0,21172958.0,,,,,,,,,,,,,,,,,,,,,,,,,,,
355,465026205223,21164354.0,,,,,,,,,,,,,,,,,,,,,,,,,,,,,
356,466049357207,21172781.0,21172931.0,21172935.0,21172935.0,21172935.0,21172935.0,21172931.0,21172935.0,21172781.0,21172935.0,21172935.0,21172931.0,,,,,,,,,,,,,,,,,,
357,469207995638,21172958.0,21172958.0,,,,,,,,,,,,,,,,,,,,,,,,,,,,
358,465535008672,21172958.0,21164354.0,21172962.0,21172958.0,21172958.0,21172958.0,,,,,,,,,,,,,,,,,,,,,,,,
359,467131725776,21172958.0,21172962.0,,,,,,,,,,,,,,,,,,,,,,,,,,,,
360,468716040705,21164348.0,21164348.0,21164348.0,21164348.0,21164348.0,21164348.0,21164348.0,21164348.0,21164348.0,21164348.0,21172781.0,21172931.0,21164348.0,21172934.0,21164348.0,21172780.0,21172935.0,21172782.0,21172931.0,21172932.0,21172781.0,21172781.0,21164348.0,21164348.0,21172781.0,21172930.0,21172934.0,21164348.0,21172931.0,21172780.0
361,467187696553,21172800.0,21172800.0,21172962.0,21172800.0,21172800.0,21172800.0,21172800.0,21172800.0,21172800.0,21172958.0,21172962.0,21172962.0,21172962.0,,,,,,,,,,,,,,,,,
362,465026205218,21164354.0,,,,,,,,,,,,,,,,,,,,,,,,,,,,,
363,464920650347,21172958.0,,,,,,,,,,,,,,,,,,,,,,,,,,,,,
364,465026205219,21164354.0,,,,,,,,,,,,,,,,,,,,,,,,,,,,,
365,465836006235,21172800.0,21172800.0,21172800.0,,,,,,,,,,,,,,,,,,,,,,,,,,,
366,468716040706,21164348.0,21164348.0,21164348.0,21164348.0,21164348.0,21164348.0,21164348.0,21164348.0,21164348.0,21164348.0,21172781.0,21172931.0,21164348.0,21172934.0,21164348.0,21172780.0,21172935.0,21172782.0,21172931.0,21172932.0,21172781.0,21172781.0,21164348.0,21164348.0,21172781.0,21172930.0,21172934.0,21164348.0,21172931.0,21172780.0
367,470098887613,21172781.0,21172930.0,21172781.0,21172930.0,21172935.0,21172930.0,21164348.0,,,,,,,,,,,,,,,,,,,,,,,
368,470098887612,21172781.0,21172930.0,21172781.0,21172930.0,21172935.0,21172930.0,21164348.0,,,,,,,,,,,,,,,,,,,,,,,
369,470666063993,21172958.0,21172800.0,,,,,,,,,,,,,,,,,,,,,,,,,,,,
370,470696826969,,21172781.0,21172934.0,21164348.0,21172935.0,21172935.0,21164348.0,21164348.0,21164348.0,21164348.0,21172930.0,21164348.0,,,,,,,,,,,,,,,,,,
371,470666063994,21172958.0,21172800.0,,,,,,,,,,,,,,,,,,,,,,,,,,,,
372,470696826970,,21172781.0,21172934.0,21164348.0,21172935.0,21172935.0,21164348.0,21164348.0,21164348.0,21164348.0,21172930.0,21164348.0,,,,,,,,,,,,,,,,,,
373,470478833805,21172958.0,,,,,,,,,,,,,,,,,,,,,,,,,,,,,
374,470560520389,,21172931.0,21172935.0,,,,,,,,,,,,,,,,,,,,,,,,,,,
375,470478833806,21172958.0,,,,,,,,,,,,,,,,,,,,,,,,,,,,,
376,470560520390,,21172931.0,21172935.0,,,,,,,,,,,,,,,,,,,,,,,,,,,
377,470646919209,,21172800.0,21172800.0,21172800.0,21172962.0,21172781.0,21172800.0,21172800.0,21172800.0,21172800.0,21172800.0,21172800.0,,,,,,,,,,,,,,,,,,
378,470646919208,,21172800.0,21172800.0,21172800.0,21172962.0,21172781.0,21172800.0,21172800.0,21172800.0,21172800.0,21172800.0,21172800.0,,,,,,,,,,,,,,,,,,
379,470082993501,21172931.0,21172800.0,21172800.0,,,,,,,,,,,,,,,,,,,,,,,,,,,
380,470649290517,21164354.0,21172962.0,21172958.0,21172958.0,21164354.0,21172962.0,21172800.0,21172962.0,21172800.0,21172800.0,21172800.0,21172800.0,21172800.0,21172962.0,21164354.0,21164354.0,21172962.0,21172962.0,21172800.0,21164354.0,21172800.0,21172800.0,21172800.0,,,,,,,
381,470344417148,,,21172800.0,,,,,,,,,,,,,,,,,,,,,,,,,,,
382,470082993502,21172931.0,21172800.0,21172800.0,,,,,,,,,,,,,,,,,,,,,,,,,,,
383,470649290518,21164354.0,21172962.0,21172958.0,21172958.0,21164354.0,21172962.0,21172800.0,21172962.0,21172800.0,21172800.0,21172800.0,21172800.0,21172800.0,21172962.0,21164354.0,21164354.0,21172962.0,21172962.0,21172800.0,21164354.0,21172800.0,21172800.0,21172800.0,,,,,,,
384,470344417147,,,21172800.0,,,,,,,,,,,,,,,,,,,,,,,,,,,
385,470707731521,,,21172958.0,21172962.0,21172800.0,21172800.0,21164354.0,21172800.0,21172962.0,21172962.0,21164354.0,21164354.0,21172962.0,21172958.0,21164354.0,21172962.0,21172962.0,21172962.0,21172958.0,21172958.0,21164354.0,21172962.0,,,,,,,,
386,470707731522,,,21172958.0,21172962.0,21172800.0,21172800.0,21164354.0,21172800.0,21172962.0,21172962.0,21164354.0,21164354.0,21172962.0,21172958.0,21164354.0,21172962.0,21172962.0,21172962.0,21172958.0,21172958.0,21164354.0,21172962.0,,,,,,,,
387,470839446356,21172962.0,21172962.0,21172800.0,21172800.0,21164354.0,21172962.0,21164354.0,21164354.0,21164354.0,21172958.0,21172962.0,21164354.0,21164354.0,21172800.0,21172962.0,21172958.0,21164354.0,21172800.0,21172800.0,21172800.0,21172800.0,21172800.0,21172800.0,21172800.0,21172800.0,21172800.0,21172962.0,21172958.0,21172962.0,21172962.0
388,470839446355,21172962.0,21172962.0,21172800.0,21172800.0,21164354.0,21172962.0,21164354.0,21164354.0,21164354.0,21172958.0,21172962.0,21164354.0,21164354.0,21172800.0,21172962.0,21172958.0,21164354.0,21172800.0,21172800.0,21172800.0,21172800.0,21172800.0,21172800.0,21172800.0,21172800.0,21172800.0,21172962.0,21172958.0,21172962.0,21172962.0
389,471079402568,21172962.0,21172958.0,21172958.0,21172958.0,21172962.0,21172958.0,21172962.0,21172958.0,21172958.0,21172962.0,21164354.0,21164354.0,21164354.0,21164354.0,21172962.0,21172958.0,21172962.0,21172962.0,21172958.0,21172958.0,21164354.0,21164354.0,,,,,,,,
390,471079402567,21172962.0,21172958.0,21172958.0,21172958.0,21172962.0,21172958.0,21172962.0,21172958.0,21172958.0,21172962.0,21164354.0,21164354.0,21164354.0,21164354.0,21172962.0,21172958.0,21172962.0,21172962.0,21172958.0,21172958.0,21164354.0,21164354.0,,,,,,,,
391,470839504053,21172962.0,21172958.0,21164354.0,21164354.0,21172958.0,21172958.0,21172962.0,21172962.0,21172958.0,21164354.0,21172958.0,21172962.0,21172962.0,21172962.0,21164354.0,21172958.0,21172958.0,21172958.0,21164354.0,21172800.0,21172800.0,21164354.0,21172958.0,21172962.0,21172962.0,21172962.0,21172962.0,21164354.0,21164354.0,
392,470839504054,21172962.0,21172958.0,21164354.0,21164354.0,21172958.0,21172958.0,21172962.0,21172962.0,21172958.0,21164354.0,21172958.0,21172962.0,21172962.0,21172962.0,21164354.0,21172958.0,21172958.0,21172958.0,21164354.0,21172800.0,21172800.0,21164354.0,21172958.0,21172962.0,21172962.0,21172962.0,21172962.0,21164354.0,21164354.0,
