,ConversionID,BrowserType,OperatingSystemType,DeviceType,path_lengths,paths_by_adname,State-Region,hour
0,464371561372,Unsupported,iOS 10.2,Tablet,1,[21172958],Wisconsin,16
1,466288852157,Chrome,Windows 10,PC,1,[21164348],Washington,23
2,464635931143,Safari,iOS 10.3,Smart Phone,1,[21172958],Washington,11
3,467359210744,Edge,Windows 10,PC,1,[21172800],Washington,16
4,467465234569,Chrome,Android 7.0,Smart Phone,1,[21164354],Minnesota,19
5,465026205219,Chrome,Android 6.0,Smart Phone,1,[21164354],Minnesota,23
6,467465234570,Chrome,Android 7.0,Smart Phone,1,[21164354],Minnesota,19
7,465031798988,Chrome,Android 6.0,Smart Phone,1,[21172962],California,23
8,465031798989,Chrome,Android 6.0,Smart Phone,1,[21172962],California,23
9,467943215301,Chrome,Android 5.1,Smart Phone,1,[21172800],Washington,16
10,467359210742,Edge,Windows 10,PC,1,[21172800],Washington,16
11,467359210743,Edge,Windows 10,PC,1,[21172800],Washington,16
12,465597477632,Internet Explorer on Windows 7_8 ,Windows 10,PC,1,[21172934],Washington,12
13,465597477633,Internet Explorer on Windows 7_8 ,Windows 10,PC,1,[21172934],Washington,12
14,465332298226,Chrome,iOS 10.3,Smart Phone,1,[21172958],Washington,21
15,464232627908,Chrome,Android 7.0,Smart Phone,1,[21164354],Minnesota,23
16,464920650356,Safari,iOS 10.1,Tablet,1,[21172958],Illinois,17
17,469406442124,Chrome,Windows 7,PC,1,[21164348],Georgia,14
18,468798026617,Safari,iOS 10.3,Smart Phone,1,[21172958],Washington,0
19,469406442121,Chrome,Windows 7,PC,1,[21164348],Georgia,14
20,464371561373,Unsupported,iOS 10.2,Tablet,1,[21172958],Wisconsin,16
21,468798026616,Safari,iOS 10.3,Smart Phone,1,[21172958],Washington,0
22,466288852156,Chrome,Windows 10,PC,1,[21164348],Washington,23
23,472135755373,Chrome,Windows 10,PC,1,[21164348],Pennsylvania,14
24,470344417148,Safari,iOS 10.3,Smart Phone,1,[21172800],Washington,14
25,465983081910,Chrome,Android 5.0,Tablet,1,[21172800],Minnesota,23
26,468842379471,Chrome,Mac 10.12 Sierra,Mac,1,[21164348],Washington,11
27,468842379470,Chrome,Mac 10.12 Sierra,Mac,1,[21164348],Washington,11
28,468396459169,Safari,iOS 10.3,Smart Phone,1,[21172935],Massachusetts,23
29,469105206619,Unsupported,iOS 10.3,Tablet,1,[21172958],Wisconsin,15
30,470344417147,Safari,iOS 10.3,Smart Phone,1,[21172800],Washington,14
31,468396459170,Safari,iOS 10.3,Smart Phone,1,[21172935],Massachusetts,23
32,471722040551,Chrome,Windows 10,PC,1,[21164348],Minnesota,8
33,471722040550,Chrome,Windows 10,PC,1,[21164348],Minnesota,8
34,464914698488,Chrome,iOS 10.3,Tablet,1,[21164354],Washington,17
35,464914698489,Chrome,iOS 10.3,Tablet,1,[21164354],Washington,17
36,469391850848,Internet Explorer on Windows 7_8 ,Windows 10,PC,1,[21164348],Minnesota,12
37,465191147178,Safari,iOS 10.0,Smart Phone,1,[21172800],Washington,10
38,465191147179,Safari,iOS 10.0,Smart Phone,1,[21172800],Washington,10
39,464920650348,Safari,iOS 10.1,Tablet,1,[21172958],Illinois,17
40,471458735167,Safari,iOS 10.3,Smart Phone,1,[21172962],Washington,7
41,464920650347,Safari,iOS 10.1,Tablet,1,[21172958],Illinois,17
42,462516061894,Chrome,Android 5.0,Smart Phone,1,[21172800],Florida,14
43,472135755372,Chrome,Windows 10,PC,1,[21164348],Pennsylvania,14
44,469105206620,Unsupported,iOS 10.3,Tablet,1,[21172958],Wisconsin,15
45,468102255090,Chrome,Mac 10.12 Sierra,Mac,1,[21164348],Washington,23
46,468102255091,Chrome,Mac 10.12 Sierra,Mac,1,[21164348],Washington,23
47,468701623237,Safari,iOS 10.3,Smart Phone,1,[21172958],Washington,23
48,464118446965,Internet Explorer on Windows 7_8 ,Windows 10,PC,1,[21172934],Washington,12
49,465191147181,Safari,iOS 10.0,Smart Phone,1,[21172800],Washington,10
50,464118446966,Internet Explorer on Windows 7_8 ,Windows 10,PC,1,[21172934],Washington,12
51,465191147182,Safari,iOS 10.0,Smart Phone,1,[21172800],Washington,16
52,464118446967,Internet Explorer on Windows 7_8 ,Windows 10,PC,1,[21172934],Washington,13
53,468701623238,Safari,iOS 10.3,Smart Phone,1,[21172958],Washington,23
54,465026205224,Chrome,Android 6.0,Smart Phone,1,[21164354],Minnesota,23
55,469391850849,Internet Explorer on Windows 7_8 ,Windows 10,PC,1,[21164348],Minnesota,12
56,464914698490,Chrome,iOS 10.3,Tablet,1,[21164354],Washington,16
57,469391850851,Internet Explorer on Windows 7_8 ,Windows 10,PC,1,[21164348],Minnesota,12
58,464914698491,Chrome,iOS 10.3,Tablet,1,[21164354],Washington,17
59,469391850850,Internet Explorer on Windows 7_8 ,Windows 10,PC,1,[21164348],Minnesota,12
60,465026205220,Chrome,Android 6.0,Smart Phone,1,[21164354],Minnesota,23
61,465026205221,Chrome,Android 6.0,Smart Phone,1,[21164354],Minnesota,23
62,465026205222,Chrome,Android 6.0,Smart Phone,1,[21164354],Minnesota,23
63,469767710479,Safari,iOS 10.3,Smart Phone,1,[21164354],Washington,15
64,465026205223,Chrome,Android 6.0,Smart Phone,1,[21164354],Minnesota,23
65,465026205218,Chrome,Android 6.0,Smart Phone,1,[21164354],Minnesota,22
66,464832276266,Chrome,Android 5.0,Smart Phone,1,[21172800],Ohio,2
67,469406442123,Chrome,Windows 7,PC,1,[21164348],Georgia,14
68,468954244544,Chrome,Windows 7,PC,1,[21172800],Washington,23
69,464118446968,Internet Explorer on Windows 7_8 ,Windows 10,PC,1,[21172934],Washington,16
70,469406442122,Chrome,Windows 7,PC,1,[21164348],Georgia,14
71,466142645476,Chrome,Windows 10,PC,1,[21164348],Washington,11
72,467323092212,Safari,Mac Yosemite,Mac,1,[21172781],Michigan,13
73,466142645477,Chrome,Windows 10,PC,1,[21164348],Washington,11
74,467323092213,Safari,Mac Yosemite,Mac,1,[21172781],Michigan,13
75,466142645478,Chrome,Windows 10,PC,1,[21164348],Washington,11
76,468238697663,Chrome,Windows 10,PC,1,[21172782],Washington,17
77,468798026615,Safari,iOS 10.3,Smart Phone,1,[21172958],Washington,0
78,466142645479,Chrome,Windows 10,PC,1,[21164348],Washington,11
79,468798026614,Safari,iOS 10.3,Smart Phone,1,[21172958],Washington,0
80,465983081912,Chrome,Android 5.0,Tablet,1,[21172800],Minnesota,23
81,465983081913,Chrome,Android 5.0,Tablet,1,[21172800],Minnesota,23
82,467357311401,Chrome,Android 7.0,Smart Phone,1,[21164354],Massachusetts,12
83,466142645475,Chrome,Windows 10,PC,1,[21164348],Washington,11
84,464492190188,Safari,iOS 9.3,Tablet,1,[21172958],Illinois,20
85,469105206621,Unsupported,iOS 10.3,Tablet,1,[21172958],Wisconsin,15
86,468396459172,Safari,iOS 10.3,Smart Phone,1,[21172935],Massachusetts,23
87,464479132870,Safari,iOS 10.3,Smart Phone,1,[21172958],Washington,22
88,469105206622,Unsupported,iOS 10.3,Tablet,1,[21172958],Wisconsin,15
89,464118446969,Internet Explorer on Windows 7_8 ,Windows 10,PC,1,[21172934],Washington,16
90,471527960579,Chrome,Windows 10,PC,1,[21164348],California,13
91,468842379472,Chrome,Mac 10.12 Sierra,Mac,1,[21164348],Washington,11
92,468238697661,Chrome,Windows 10,PC,1,[21172782],Washington,17
93,471641428075,Safari,Mac 10.12 Sierra,Mac,1,[21164348],Minnesota,21
94,469406442119,Chrome,Windows 7,PC,1,[21164348],Georgia,14
95,469391850847,Internet Explorer on Windows 7_8 ,Windows 10,PC,1,[21164348],Minnesota,12
96,466142645473,Chrome,Windows 10,PC,1,[21164348],Washington,11
97,467357311382,Chrome,Android 7.0,Smart Phone,1,[21164354],Massachusetts,12
98,470478833806,Chrome,Android 6.0,Smart Phone,1,[21172958],Washington,21
99,469406442120,Chrome,Windows 7,PC,1,[21164348],Georgia,14
100,471458735168,Safari,iOS 10.3,Smart Phone,1,[21172962],Washington,7
101,471527960580,Chrome,Windows 10,PC,1,[21164348],California,13
102,468238697662,Chrome,Windows 10,PC,1,[21172782],Washington,17
103,471641428078,Safari,Mac 10.12 Sierra,Mac,1,[21164348],Minnesota,21
104,465031798987,Chrome,Android 6.0,Smart Phone,1,[21172962],California,23
105,468102255089,Chrome,Mac 10.12 Sierra,Mac,1,[21164348],Washington,23
106,471641428076,Safari,Mac 10.12 Sierra,Mac,1,[21164348],Minnesota,21
107,464371561371,Unsupported,iOS 10.2,Tablet,1,[21172958],Wisconsin,16
108,463103423728,Safari,iOS 10.2,Smart Phone,1,[21172958],Washington,16
109,463109810082,Safari,iOS 10.3,Smart Phone,1,[21172800],Washington,13
110,470478833805,Chrome,Android 6.0,Smart Phone,1,[21172958],Washington,21
111,465031798986,Chrome,Android 6.0,Smart Phone,1,[21172962],California,23
112,468102255088,Chrome,Mac 10.12 Sierra,Mac,1,[21164348],Washington,23
113,471641428077,Safari,Mac 10.12 Sierra,Mac,1,[21164348],Minnesota,21
114,468798026613,Safari,iOS 10.3,Smart Phone,1,[21172958],Washington,0
115,466142645474,Chrome,Windows 10,PC,1,[21164348],Washington,11
116,467357311383,Chrome,Android 7.0,Smart Phone,1,[21164354],Massachusetts,12
117,469207995637,Safari,iOS 10.3,Smart Phone,2,"[21172958, 21172958]",Washington,20
118,467942519883,Chrome,Android 7.0,Smart Phone,2,"[21172800, 21172800]",California,16
119,465333075291,Chrome,Android 4.4,Smart Phone,2,"[21172782, 21172936]",North Carolina,21
120,465792286550,Edge,Windows 10,PC,2,"[21172782, 21172930]",Minnesota,6
121,465792286551,Edge,Windows 10,PC,2,"[21172782, 21172930]",Minnesota,6
122,464364639469,Safari,iOS 10.3,Smart Phone,2,"[21164354, 21164354]",New York,12
123,467942519882,Chrome,Android 7.0,Smart Phone,2,"[21172800, 21172800]",California,16
124,464079473952,Safari,iOS 10.3,Smart Phone,2,"[21164354, 21172958]",Washington,13
125,465333075296,Chrome,Android 4.4,Smart Phone,2,"[21172782, 21172936]",North Carolina,21
126,468549831827,Chrome,Android 4.0,Tablet,2,"[21172962, 21172800]",Georgia,11
127,466620440374,Safari,iOS 10.3,Smart Phone,2,"[21172800, 21172800]",Washington,10
128,469207995636,Safari,iOS 10.3,Smart Phone,2,"[21172958, 21172958]",Washington,20
129,467346478393,Edge,Windows 10,PC,2,"[21172800, 21172782]",Washington,12
130,464364639463,Safari,iOS 10.3,Smart Phone,2,"[21164354, 21164354]",New York,12
131,465673911187,Safari,iOS 10.3,Smart Phone,2,"[21172931, 21172931]",Maryland,19
132,466620440372,Safari,iOS 10.3,Smart Phone,2,"[21172800, 21172800]",Washington,10
133,470560520389,Safari,Mac 10.12 Sierra,Mac,2,"[21172931, 21172935]",Washington,9
134,464576297537,Chrome,Android 4.0,Tablet,2,"[21172800, 21172958]",Washington,8
135,468549831833,Chrome,Android 4.0,Tablet,2,"[21172962, 21172800]",Georgia,11
136,466620440373,Safari,iOS 10.3,Smart Phone,2,"[21172800, 21172800]",Washington,10
137,463420456059,Chrome,Android 7.0,Smart Phone,2,"[21172958, 21172800]",Minnesota,17
138,465792286549,Edge,Windows 10,PC,2,"[21172782, 21172930]",Minnesota,6
139,469537007192,Chrome,Android 7.0,Smart Phone,2,"[21172958, 21172958]",Illinois,23
140,472133024502,Chrome,Android 7.0,Smart Phone,2,"[21164354, 21172958]",New York,10
141,472133024503,Chrome,Android 7.0,Smart Phone,2,"[21164354, 21172958]",New York,10
142,464533553296,Chrome,Android 6.0,Smart Phone,2,"[21172962, 21172962]",North Carolina,9
143,467346478394,Edge,Windows 10,PC,2,"[21172800, 21172782]",Washington,12
144,464533553297,Chrome,Android 6.0,Smart Phone,2,"[21172962, 21172962]",North Carolina,9
145,470666063993,Safari,iOS 10.1,Smart Phone,2,"[21172958, 21172800]",Minnesota,10
146,465792286548,Edge,Windows 10,PC,2,"[21172782, 21172930]",Minnesota,1
147,470666063994,Safari,iOS 10.1,Smart Phone,2,"[21172958, 21172800]",Minnesota,10
148,469389863630,Safari,iOS 9.3,Smart Phone,2,"[21172962, 21172800]",Georgia,16
149,465792286546,Edge,Windows 10,PC,2,"[21172782, 21172930]",Minnesota,6
150,465333075297,Chrome,Android 4.4,Smart Phone,2,"[21172782, 21172936]",North Carolina,21
151,463939702133,Safari,iOS 10.3,Smart Phone,2,"[21172800, 21164354]",Washington,7
152,468960717390,Chrome,Android 7.0,Smart Phone,2,"[21164354, 21164354]",Washington,21
153,469389863641,Safari,iOS 9.3,Smart Phone,2,"[21172962, 21172800]",Georgia,16
154,469389863640,Safari,iOS 9.3,Smart Phone,2,"[21172962, 21172800]",Georgia,16
155,468960717387,Chrome,Android 7.0,Smart Phone,2,"[21164354, 21164354]",Washington,21
156,464576297536,Chrome,Android 4.0,Tablet,2,"[21172800, 21172958]",Washington,8
157,465673911183,Safari,iOS 10.3,Smart Phone,2,"[21172931, 21172931]",Maryland,19
158,469389863642,Safari,iOS 9.3,Smart Phone,2,"[21172962, 21172800]",Georgia,16
159,467346478397,Edge,Windows 10,PC,2,"[21172800, 21172782]",Washington,12
160,465673911182,Safari,iOS 10.3,Smart Phone,2,"[21172931, 21172931]",Maryland,19
161,469389863639,Safari,iOS 9.3,Smart Phone,2,"[21172962, 21172800]",Georgia,16
162,464259218991,Safari,iOS 10.3,Smart Phone,2,"[21164354, 21172958]",Washington,0
163,469207995638,Safari,iOS 10.3,Smart Phone,2,"[21172958, 21172958]",Washington,20
164,467131725776,Safari,iOS 10.3,Smart Phone,2,"[21172958, 21172962]",Minnesota,23
165,465792286547,Edge,Windows 10,PC,2,"[21172782, 21172930]",Minnesota,6
166,468960717391,Chrome,Android 7.0,Smart Phone,2,"[21164354, 21164354]",Washington,21
167,468549831828,Chrome,Android 4.0,Tablet,2,"[21172962, 21172800]",Georgia,11
168,465023140331,Chrome,Android 5.0,Smart Phone,2,"[21172800, 21172958]",Minnesota,20
169,468960717388,Chrome,Android 7.0,Smart Phone,2,"[21164354, 21164354]",Washington,21
170,468960717389,Chrome,Android 7.0,Smart Phone,2,"[21164354, 21164354]",Washington,21
171,467942519884,Chrome,Android 7.0,Smart Phone,2,"[21172800, 21172800]",California,15
172,470560520390,Safari,Mac 10.12 Sierra,Mac,2,"[21172931, 21172935]",Washington,9
173,465023140338,Chrome,Android 5.0,Smart Phone,2,"[21172800, 21172958]",Minnesota,20
174,465023140330,Chrome,Android 5.0,Smart Phone,2,"[21172800, 21172958]",Minnesota,20
175,464364639464,Safari,iOS 10.3,Smart Phone,2,"[21164354, 21164354]",New York,12
176,463085921455,Chrome,Android 4.4,Tablet,2,"[21172962, 21172962]",Minnesota,17
177,464576297535,Chrome,Android 4.0,Tablet,2,"[21172800, 21172958]",Washington,8
178,465023140337,Chrome,Android 5.0,Smart Phone,2,"[21172800, 21172958]",Minnesota,20
179,467888966044,Chrome,Android 7.0,Smart Phone,3,"[21172962, 21172962, 21164354]",California,9
180,466044356007,Safari,iOS 10.2,Smart Phone,3,"[21172935, 21172800, 21172958]",Tennessee,8
181,465836006242,Safari,iOS 10.3,Tablet,3,"[21172800, 21172800, 21172800]",Washington,16
182,467888966043,Chrome,Android 7.0,Smart Phone,3,"[21172962, 21172962, 21164354]",California,9
183,465836006241,Safari,iOS 10.3,Tablet,3,"[21172800, 21172800, 21172800]",Washington,16
184,465836006240,Safari,iOS 10.3,Tablet,3,"[21172800, 21172800, 21172800]",Washington,16
185,466044356010,Safari,iOS 10.2,Smart Phone,3,"[21172935, 21172800, 21172958]",Tennessee,8
186,467888966042,Chrome,Android 7.0,Smart Phone,3,"[21172962, 21172962, 21164354]",California,9
187,465836006243,Safari,iOS 10.3,Tablet,3,"[21172800, 21172800, 21172800]",Washington,17
188,466491584612,Safari,iOS 10.3,Smart Phone,3,"[21164348, 21172958, 21164354]",California,13
189,468554934236,Unsupported,iOS 10.2,Smart Phone,3,"[21172962, 21172800, 21164354]",Arkansas,12
190,464803950231,Chrome,iOS 10.3,Tablet,3,"[21172962, 21172962, 21172958]",Minnesota,3
191,465122721168,Safari,iOS 10.3,Smart Phone,3,"[21172800, 21172958, 21172958]",Washington,6
192,466044356009,Safari,iOS 10.2,Smart Phone,3,"[21172935, 21172800, 21172958]",Tennessee,8
193,464813763318,Safari,iOS 10.0,Tablet,3,"[21172800, 21172800, 21172800]",Washington,2
194,468842447668,Safari,iOS 10.3,Tablet,3,"[21172800, 21164354, 21172958]",Wisconsin,11
195,468249415770,Chrome,Android 7.0,Smart Phone,3,"[21172782, 21172934, 21172782]",Minnesota,12
196,468166069293,Chrome,Android 7.0,Smart Phone,3,"[21172962, 21172962, 21164354]",California,0
197,466491584620,Safari,iOS 10.3,Smart Phone,3,"[21164348, 21172958, 21164354]",California,13
198,467888966045,Chrome,Android 7.0,Smart Phone,3,"[21172962, 21172962, 21164354]",California,9
199,465122721167,Safari,iOS 10.3,Smart Phone,3,"[21172800, 21172958, 21172958]",Washington,6
200,466491584619,Safari,iOS 10.3,Smart Phone,3,"[21164348, 21172958, 21164354]",California,13
201,466491584618,Safari,iOS 10.3,Smart Phone,3,"[21164348, 21172958, 21164354]",California,13
202,464366028178,Chrome,Android 6.0,Smart Phone,3,"[21172958, 21172958, 21164354]",Illinois,12
203,464378723976,Unsupported,iOS 9.3,Tablet,3,"[21172800, 21172962, 21172962]",Minnesota,13
204,464803950232,Chrome,iOS 10.3,Tablet,3,"[21172962, 21172962, 21172958]",Minnesota,8
205,466491584624,Safari,iOS 10.3,Smart Phone,3,"[21164348, 21172958, 21164354]",California,13
206,467131396955,Safari,iOS 10.2,Smart Phone,3,"[21164348, 21172958, 21164354]",California,23
207,468166069292,Chrome,Android 7.0,Smart Phone,3,"[21172962, 21172962, 21164354]",California,0
208,466044356008,Safari,iOS 10.2,Smart Phone,3,"[21172935, 21172800, 21172958]",Tennessee,8
209,468166069294,Chrome,Android 7.0,Smart Phone,3,"[21172962, 21172962, 21164354]",California,0
210,466491584623,Safari,iOS 10.3,Smart Phone,3,"[21164348, 21172958, 21164354]",California,13
211,464378723978,Unsupported,iOS 9.3,Tablet,3,"[21172800, 21172962, 21172962]",Minnesota,14
212,467131396954,Safari,iOS 10.2,Smart Phone,3,"[21164348, 21172958, 21164354]",California,23
213,466491584622,Safari,iOS 10.3,Smart Phone,3,"[21164348, 21172958, 21164354]",California,13
214,466491584621,Safari,iOS 10.3,Smart Phone,3,"[21164348, 21172958, 21164354]",California,13
215,468595045327,Internet Explorer on Windows 7_8 ,Windows 10,PC,3,"[21172930, 21172933, 21172934]",Washington,16
216,464378723977,Unsupported,iOS 9.3,Tablet,3,"[21172800, 21172962, 21172962]",Minnesota,13
217,466491584625,Safari,iOS 10.3,Smart Phone,3,"[21164348, 21172958, 21164354]",California,13
218,468166069291,Chrome,Android 7.0,Smart Phone,3,"[21172962, 21172962, 21164354]",California,0
219,466770947548,Chrome,Android 6.0,Smart Phone,3,"[21164348, 21172958, 21164354]",California,14
220,463436101617,Safari,iOS 10.2,Smart Phone,3,"[21164354, 21172958, 21172800]",Washington,14
221,468595045326,Internet Explorer on Windows 7_8 ,Windows 10,PC,3,"[21172930, 21172933, 21172934]",Washington,16
222,465836006236,Safari,iOS 10.3,Tablet,3,"[21172800, 21172800, 21172800]",Washington,16
223,464378723975,Unsupported,iOS 9.3,Tablet,3,"[21172800, 21172962, 21172962]",Minnesota,13
224,465122721165,Safari,iOS 10.3,Smart Phone,3,"[21172800, 21172958, 21172958]",Washington,6
225,463436101618,Safari,iOS 10.2,Smart Phone,3,"[21164354, 21172958, 21172800]",Washington,14
226,465122721164,Safari,iOS 10.3,Smart Phone,3,"[21172800, 21172958, 21172958]",Washington,6
227,471823756969,Chrome,Windows 10,PC,3,"[21164348, 21164348, 21164348]",Minnesota,15
228,465836006235,Safari,iOS 10.3,Tablet,3,"[21172800, 21172800, 21172800]",Washington,16
229,462905850479,Chrome,Android 6.0,Smart Phone,3,"[21164354, 21164354, 21164354]",Washington,19
230,470082993502,Chrome,Windows 7,PC,3,"[21172931, 21172800, 21172800]",Minnesota,13
231,471823756968,Chrome,Windows 10,PC,3,"[21164348, 21164348, 21164348]",Minnesota,15
232,468595045325,Internet Explorer on Windows 7_8 ,Windows 10,PC,3,"[21172930, 21172933, 21172934]",Washington,16
233,466491584611,Safari,iOS 10.3,Smart Phone,3,"[21164348, 21172958, 21164354]",California,13
234,464239759883,Unsupported,iOS 10.2,Smart Phone,3,"[21172800, 21164354, 21164354]",Minnesota,1
235,470082993501,Chrome,Windows 7,PC,3,"[21172931, 21172800, 21172800]",Minnesota,13
236,469427906531,Firefox,Windows 7,PC,4,"[21164348, 21164348, 21164348, 21164348]",Indiana,16
237,465340506406,Chrome,iOS 10.2,Smart Phone,4,"[21172958, 21172962, 21172962, 21172962]",California,21
238,468729322451,Chrome,Android 4.4,Smart Phone,4,"[21164377, 21164377, 21164377, 21164377]",Washington,0
239,469276335497,Chrome,Windows 10,PC,4,"[21164348, 21172930, 21164348, 21164348]",Washington,0
240,467285367321,Safari,iOS 10.3,Tablet,4,"[21172800, 21172962, 21164354, 21172958]",Minnesota,16
241,465340326076,Chrome,iOS 10.3,Smart Phone,4,"[21172782, 21172962, 21164354, 21172958]",New Hampshire,23
242,467285367320,Safari,iOS 10.3,Tablet,4,"[21172800, 21172962, 21164354, 21172958]",Minnesota,16
243,469427906530,Firefox,Windows 7,PC,4,"[21164348, 21164348, 21164348, 21164348]",Indiana,16
244,469427906529,Firefox,Windows 7,PC,4,"[21164348, 21164348, 21164348, 21164348]",Indiana,16
245,468729322450,Chrome,Android 4.4,Smart Phone,4,"[21164377, 21164377, 21164377, 21164377]",Washington,0
246,467501170421,Safari,iOS 10.2,Smart Phone,4,"[21172800, 21164348, 21172958, 21164354]",Washington,9
247,463240834192,Firefox,Windows 7,PC,4,"[21172782, 21172782, 21172930, 21172782]",Minnesota,20
248,463749541371,Safari,iOS 10.3,Smart Phone,4,"[21172800, 21172800, 21172962, 21172958]",Minnesota,14
249,469276335496,Chrome,Windows 10,PC,4,"[21164348, 21172930, 21164348, 21164348]",Washington,0
250,465340506407,Chrome,iOS 10.2,Smart Phone,4,"[21172958, 21172962, 21172962, 21172962]",California,21
251,465198902593,Chrome,Android 4.0,Tablet,4,"[21172800, 21172800, 21172800, 21172958]",Minnesota,17
252,465340326078,Chrome,iOS 10.3,Smart Phone,4,"[21172782, 21172962, 21164354, 21172958]",New Hampshire,23
253,465340506405,Chrome,iOS 10.2,Smart Phone,4,"[21172958, 21172962, 21172962, 21172962]",California,20
254,465340326077,Chrome,iOS 10.3,Smart Phone,4,"[21172782, 21172962, 21164354, 21172958]",New Hampshire,23
255,464895017876,Chrome,Android 4.0,Tablet,4,"[21172800, 21172800, 21172800, 21172958]",Minnesota,14
256,465340506400,Chrome,iOS 10.2,Smart Phone,4,"[21172958, 21172962, 21172962, 21172962]",California,21
257,469276335498,Chrome,Windows 10,PC,4,"[21164348, 21172930, 21164348, 21164348]",Washington,0
258,465340506399,Chrome,iOS 10.2,Smart Phone,4,"[21172958, 21172962, 21172962, 21172962]",California,21
259,469276335495,Chrome,Windows 10,PC,4,"[21164348, 21172930, 21164348, 21164348]",Washington,0
260,468729322449,Chrome,Android 4.4,Smart Phone,4,"[21164377, 21164377, 21164377, 21164377]",Washington,0
261,465896791956,Chrome,Windows 7,PC,5,"[21172782, 21164348, 21172782, 21172930, 21164348]",Washington,15
262,468861240321,Edge,Windows 10,PC,5,"[21164348, 21164348, 21164348, 21164348, 21164348]",Oregon,12
263,467320224073,Chrome,Windows XP,PC,5,"[21172931, 21172931, 21172935, 21172934, 21172930]",Texas,15
264,467320224074,Chrome,Windows XP,PC,5,"[21172931, 21172931, 21172935, 21172934, 21172930]",Texas,15
265,464645835192,Chrome,Android 6.0,Smart Phone,5,"[21172800, 21172800, 21164354, 21164354, 21164354]",Washington,13
266,464272581909,Safari,iOS 10.3,Smart Phone,5,"[21172800, 21164354, 21172800, 21172800, 21172800]",Washington,9
267,467320224071,Chrome,Windows XP,PC,5,"[21172931, 21172931, 21172935, 21172934, 21172930]",Texas,15
268,467320224070,Chrome,Windows XP,PC,5,"[21172931, 21172931, 21172935, 21172934, 21172930]",Texas,15
269,464272581908,Safari,iOS 10.3,Smart Phone,5,"[21172800, 21164354, 21172800, 21172800, 21172800]",Washington,9
270,467320224072,Chrome,Windows XP,PC,5,"[21172931, 21172931, 21172935, 21172934, 21172930]",Texas,14
271,465896791954,Chrome,Windows 7,PC,5,"[21172782, 21164348, 21172782, 21172930, 21164348]",Washington,15
272,467607388178,Safari,iOS 10.3,Smart Phone,5,"[21172962, 21164354, 21172800, 21172958, 21172958]",Minnesota,11
273,467320224075,Chrome,Windows XP,PC,5,"[21172931, 21172931, 21172935, 21172934, 21172930]",Texas,15
274,465896791955,Chrome,Windows 7,PC,5,"[21172782, 21164348, 21172782, 21172930, 21164348]",Washington,15
275,464272581923,Safari,iOS 10.3,Smart Phone,5,"[21172800, 21164354, 21172800, 21172800, 21172800]",Washington,8
276,468861240320,Edge,Windows 10,PC,5,"[21164348, 21164348, 21164348, 21164348, 21164348]",Oregon,12
277,465196468893,Chrome,Android 6.0,Smart Phone,5,"[21172800, 21172800, 21172800, 21172962, 21172962]",Washington,12
278,472146828439,Safari,Mac 10.12 Sierra,Mac,5,"[21172930, 21172934, 21172932, 21172935, 21172781]",North Dakota,13
279,464917496875,Safari,iOS 10.1,Tablet,5,"[21164354, 21172958, 21164354, 21172958, 21172800]",Wisconsin,13
280,465196468890,Chrome,Android 6.0,Smart Phone,5,"[21172800, 21172800, 21172800, 21172962, 21172962]",Washington,12
281,468861240322,Edge,Windows 10,PC,5,"[21164348, 21164348, 21164348, 21164348, 21164348]",Oregon,12
282,463956962179,Firefox,Windows 7,PC,5,"[21172934, 21172930, 21172934, 21172930, 21172782]",Minnesota,6
283,464272581924,Safari,iOS 10.3,Smart Phone,5,"[21172800, 21164354, 21172800, 21172800, 21172800]",Washington,9
284,472146828438,Safari,Mac 10.12 Sierra,Mac,5,"[21172930, 21172934, 21172932, 21172935, 21172781]",North Dakota,13
285,469296910462,Chrome,Windows 7,PC,5,"[21172800, 21172800, 21172800, 21172800, 21172800]",Minnesota,1
286,465196468889,Chrome,Android 6.0,Smart Phone,5,"[21172800, 21172800, 21172800, 21172962, 21172962]",Washington,12
287,464645835200,Chrome,Android 6.0,Smart Phone,5,"[21172800, 21172800, 21164354, 21164354, 21164354]",Washington,13
288,464645835198,Chrome,Android 6.0,Smart Phone,5,"[21172800, 21172800, 21164354, 21164354, 21164354]",Washington,13
289,464645835191,Chrome,Android 6.0,Smart Phone,5,"[21172800, 21172800, 21164354, 21164354, 21164354]",Washington,13
290,464645835199,Chrome,Android 6.0,Smart Phone,5,"[21172800, 21172800, 21164354, 21164354, 21164354]",Washington,13
291,465856589854,Safari,iOS 10.3,Smart Phone,5,"[21172958, 21172935, 21172800, 21164354, 21164354]",Wisconsin,17
292,464645835201,Chrome,Android 6.0,Smart Phone,5,"[21172800, 21172800, 21164354, 21164354, 21164354]",Washington,13
293,467888274516,Chrome,Windows 8,PC,6,"[21164348, 21172800, 21172935, 21172934, 21172800, 21172800]",Minnesota,1
294,464088426144,Chrome,Mac 10.11 El Capitan,Mac,6,"[21172931, 21172781, 21172934, 21172934, 21172780, 21172934]",Minnesota,12
295,465535008672,Safari,iOS 10.3,Smart Phone,6,"[21172958, 21164354, 21172962, 21172958, 21172958, 21172958]",Minnesota,13
296,465535008671,Safari,iOS 10.3,Smart Phone,6,"[21172958, 21164354, 21172962, 21172958, 21172958, 21172958]",Minnesota,13
297,464088426142,Chrome,Mac 10.11 El Capitan,Mac,6,"[21172931, 21172781, 21172934, 21172934, 21172780, 21172934]",Minnesota,13
298,464088426143,Chrome,Mac 10.11 El Capitan,Mac,6,"[21172931, 21172781, 21172934, 21172934, 21172780, 21172934]",Minnesota,13
299,465535008683,Safari,iOS 10.3,Smart Phone,6,"[21172958, 21164354, 21172962, 21172958, 21172958, 21172958]",Minnesota,13
300,465124630966,Chrome,iOS 10.3,Smart Phone,7,"[21172962, 21172962, 21172800, 21164354, 21172800, 21172800, 21172800]",Minnesota,8
301,468552939585,Chrome,Windows 10,PC,7,"[21164348, 21164348, 21164348, 21172780, 21172936, 21172782, 21172935]",Minnesota,17
302,470098887612,Chrome,Windows 7,PC,7,"[21172781, 21172930, 21172781, 21172930, 21172935, 21172930, 21164348]",Washington,10
303,470098887613,Chrome,Windows 7,PC,7,"[21172781, 21172930, 21172781, 21172930, 21172935, 21172930, 21164348]",Washington,10
304,465124630973,Chrome,iOS 10.3,Smart Phone,7,"[21172962, 21172962, 21172800, 21164354, 21172800, 21172800, 21172800]",Minnesota,8
305,469297935201,Chrome,Windows 8,PC,7,"[21172800, 21172931, 21172800, 21172930, 21172800, 21172800, 21172800]",Minnesota,5
306,468552939583,Chrome,Windows 10,PC,7,"[21164348, 21164348, 21164348, 21172780, 21172936, 21172782, 21172935]",Minnesota,18
307,467927506093,Chrome,Android 7.0,Smart Phone,7,"[21164354, 21172958, 21164354, 21172962, 21172962, 21172800, 21172800]",Connecticut,12
308,467927506092,Chrome,Android 7.0,Smart Phone,7,"[21164354, 21172958, 21164354, 21172962, 21172962, 21172800, 21172800]",Connecticut,12
309,468552939584,Chrome,Windows 10,PC,7,"[21164348, 21164348, 21164348, 21172780, 21172936, 21172782, 21172935]",Minnesota,18
310,465124630967,Chrome,iOS 10.3,Smart Phone,7,"[21172962, 21172962, 21172800, 21164354, 21172800, 21172800, 21172800]",Minnesota,8
311,469143278638,Chrome,Android 7.0,Smart Phone,8,"[21172962, 21172958, 21172958, 21164354, 21172958, 21172962, 21164354, 21164354]",Washington,17
312,469143278640,Chrome,Android 7.0,Smart Phone,8,"[21172962, 21172958, 21172958, 21164354, 21172958, 21172962, 21164354, 21164354]",Washington,15
313,469143278646,Chrome,Android 7.0,Smart Phone,8,"[21172962, 21172958, 21172958, 21164354, 21172958, 21172962, 21164354, 21164354]",Washington,16
314,469143278647,Chrome,Android 7.0,Smart Phone,8,"[21172962, 21172958, 21172958, 21164354, 21172958, 21172962, 21164354, 21164354]",Washington,16
315,469143278642,Chrome,Android 7.0,Smart Phone,8,"[21172962, 21172958, 21172958, 21164354, 21172958, 21172962, 21164354, 21164354]",Washington,15
316,469143278639,Chrome,Android 7.0,Smart Phone,8,"[21172962, 21172958, 21172958, 21164354, 21172958, 21172962, 21164354, 21164354]",Washington,17
317,469143278641,Chrome,Android 7.0,Smart Phone,8,"[21172962, 21172958, 21172958, 21164354, 21172958, 21172962, 21164354, 21164354]",Washington,15
318,469143278643,Chrome,Android 7.0,Smart Phone,8,"[21172962, 21172958, 21172958, 21164354, 21172958, 21172962, 21164354, 21164354]",Washington,15
319,469143278644,Chrome,Android 7.0,Smart Phone,8,"[21172962, 21172958, 21172958, 21164354, 21172958, 21172962, 21164354, 21164354]",Washington,15
320,464209315376,Safari,iOS 10.2,Smart Phone,8,"[21164354, 21164354, 21164354, 21164354, 21172958, 21172962, 21172958, 21164354]",Wisconsin,19
321,469143278645,Chrome,Android 7.0,Smart Phone,8,"[21172962, 21172958, 21172958, 21164354, 21172958, 21172962, 21164354, 21164354]",Washington,15
322,464209315377,Safari,iOS 10.2,Smart Phone,8,"[21164354, 21164354, 21164354, 21164354, 21172958, 21172962, 21172958, 21164354]",Wisconsin,19
323,464209315375,Safari,iOS 10.2,Smart Phone,8,"[21164354, 21164354, 21164354, 21164354, 21172958, 21172962, 21172958, 21164354]",Wisconsin,19
324,464209315379,Safari,iOS 10.2,Smart Phone,8,"[21164354, 21164354, 21164354, 21164354, 21172958, 21172962, 21172958, 21164354]",Wisconsin,19
325,464209315380,Safari,iOS 10.2,Smart Phone,8,"[21164354, 21164354, 21164354, 21164354, 21172958, 21172962, 21172958, 21164354]",Wisconsin,19
326,464209315374,Safari,iOS 10.2,Smart Phone,8,"[21164354, 21164354, 21164354, 21164354, 21172958, 21172962, 21172958, 21164354]",Wisconsin,19
327,469143278650,Chrome,Android 7.0,Smart Phone,8,"[21172962, 21172958, 21172958, 21164354, 21172958, 21172962, 21164354, 21164354]",Washington,17
328,469143278649,Chrome,Android 7.0,Smart Phone,8,"[21172962, 21172958, 21172958, 21164354, 21172958, 21172962, 21164354, 21164354]",Washington,17
329,469143278648,Chrome,Android 7.0,Smart Phone,8,"[21172962, 21172958, 21172958, 21164354, 21172958, 21172962, 21164354, 21164354]",Washington,17
330,464209315378,Safari,iOS 10.2,Smart Phone,8,"[21164354, 21164354, 21164354, 21164354, 21172958, 21172962, 21172958, 21164354]",Wisconsin,19
331,469599721712,Safari,iOS 10.3,Smart Phone,9,"[21172800, 21172962, 21172962, 21172958, 21172958, 21172800, 21172800, 21164354, 21172958]",Pennsylvania,0
332,468973904708,Chrome,Android 5.0,Tablet,9,"[21172800, 21172800, 21172800, 21172800, 21172800, 21172800, 21172800, 21172800, 21172962]",Washington,19
333,469599721713,Safari,iOS 10.3,Smart Phone,9,"[21172800, 21172962, 21172962, 21172958, 21172958, 21172800, 21172800, 21164354, 21172958]",Pennsylvania,0
334,469599721720,Safari,iOS 10.3,Smart Phone,9,"[21172800, 21172962, 21172962, 21172958, 21172958, 21172800, 21172800, 21164354, 21172958]",Pennsylvania,0
335,467816093527,Chrome,Android 7.0,Smart Phone,10,"[21172962, 21172800, 21172962, 21172962, 21164354, 21172962, 21172958, 21172958, 21172962, 21172962]",Minnesota,5
336,468570303579,Chrome,Mac Yosemite,Mac,10,"[21172931, 21172931, 21172935, 21172931, 21172935, 21172782, 21172781, 21172931, 21172781, 21172931]",Washington,16
337,468570303578,Chrome,Mac Yosemite,Mac,10,"[21172931, 21172931, 21172935, 21172931, 21172935, 21172782, 21172781, 21172931, 21172781, 21172931]",Washington,16
338,465218310072,Safari,iOS 10.2,Tablet,10,"[21172958, 21172962, 21164354, 21164354, 21172962, 21172800, 21164354, 21172962, 21172800, 21172800]",Minnesota,10
339,462935165150,Chrome,Android 6.0,Smart Phone,10,"[21172962, 21164354, 21172958, 21172962, 21172962, 21172962, 21172800, 21172800, 21172800, 21172962]",Washington,23
340,465218310073,Safari,iOS 10.2,Tablet,10,"[21172958, 21172962, 21164354, 21164354, 21172962, 21172800, 21164354, 21172962, 21172800, 21172800]",Minnesota,10
341,468570303577,Chrome,Mac Yosemite,Mac,10,"[21172931, 21172931, 21172935, 21172931, 21172935, 21172782, 21172781, 21172931, 21172781, 21172931]",Washington,16
342,468570303576,Chrome,Mac Yosemite,Mac,10,"[21172931, 21172931, 21172935, 21172931, 21172935, 21172782, 21172781, 21172931, 21172781, 21172931]",Washington,16
343,467331538989,Chrome,Windows 10,PC,11,"[21172933, 21172931, 21172929, 21172933, 21172781, 21172783, 21172929, 21172933, 21172935, 21172783, 21172931]",Washington,18
344,467331538990,Chrome,Windows 10,PC,11,"[21172933, 21172931, 21172929, 21172933, 21172781, 21172783, 21172929, 21172933, 21172935, 21172783, 21172931]",Washington,18
345,470696826969,Chrome,Windows 10,PC,11,"[21172781, 21172934, 21164348, 21172935, 21172935, 21164348, 21164348, 21164348, 21164348, 21172930, 21164348]",Arizona,15
346,467331538988,Chrome,Windows 10,PC,11,"[21172933, 21172931, 21172929, 21172933, 21172781, 21172783, 21172929, 21172933, 21172935, 21172783, 21172931]",Washington,18
347,470646919208,Chrome,Android 6.0,Smart Phone,11,"[21172800, 21172800, 21172800, 21172962, 21172781, 21172800, 21172800, 21172800, 21172800, 21172800, 21172800]",Washington,18
348,470646919209,Chrome,Android 6.0,Smart Phone,11,"[21172800, 21172800, 21172800, 21172962, 21172781, 21172800, 21172800, 21172800, 21172800, 21172800, 21172800]",Washington,18
349,470696826970,Chrome,Windows 10,PC,11,"[21172781, 21172934, 21164348, 21172935, 21172935, 21164348, 21164348, 21164348, 21164348, 21172930, 21164348]",Arizona,15
350,466049357209,Chrome,Windows 10,PC,12,"[21172781, 21172931, 21172935, 21172935, 21172935, 21172935, 21172931, 21172935, 21172781, 21172935, 21172935, 21172931]",Washington,2
351,466049357214,Chrome,Windows 10,PC,12,"[21172781, 21172931, 21172935, 21172935, 21172935, 21172935, 21172931, 21172935, 21172781, 21172935, 21172935, 21172931]",Washington,2
352,466049357210,Chrome,Windows 10,PC,12,"[21172781, 21172931, 21172935, 21172935, 21172935, 21172935, 21172931, 21172935, 21172781, 21172935, 21172935, 21172931]",Washington,2
353,468868307110,Safari,iOS 10.3,Tablet,12,"[21172958, 21172958, 21164348, 21172800, 21172800, 21172800, 21172929, 21172800, 21172962, 21164354, 21172800, 21172800]",Minnesota,17
354,466049357207,Chrome,Windows 10,PC,12,"[21172781, 21172931, 21172935, 21172935, 21172935, 21172935, 21172931, 21172935, 21172781, 21172935, 21172935, 21172931]",Washington,3
355,468868307111,Safari,iOS 10.3,Tablet,12,"[21172958, 21172958, 21164348, 21172800, 21172800, 21172800, 21172929, 21172800, 21172962, 21164354, 21172800, 21172800]",Minnesota,17
356,468868307132,Safari,iOS 10.3,Tablet,12,"[21172958, 21172958, 21164348, 21172800, 21172800, 21172800, 21172929, 21172800, 21172962, 21164354, 21172800, 21172800]",Minnesota,17
357,466049357213,Chrome,Windows 10,PC,12,"[21172781, 21172931, 21172935, 21172935, 21172935, 21172935, 21172931, 21172935, 21172781, 21172935, 21172935, 21172931]",Washington,2
358,466049357211,Chrome,Windows 10,PC,12,"[21172781, 21172931, 21172935, 21172935, 21172935, 21172935, 21172931, 21172935, 21172781, 21172935, 21172935, 21172931]",Washington,2
359,468411229069,Safari,iOS 10.3,Smart Phone,12,"[21172962, 21172800, 21172958, 21172800, 21172800, 21172962, 21172962, 21172962, 21172958, 21164354, 21172958, 21164354]",Minnesota,19
360,466049357208,Chrome,Windows 10,PC,12,"[21172781, 21172931, 21172935, 21172935, 21172935, 21172935, 21172931, 21172935, 21172781, 21172935, 21172935, 21172931]",Washington,3
361,466049357212,Chrome,Windows 10,PC,12,"[21172781, 21172931, 21172935, 21172935, 21172935, 21172935, 21172931, 21172935, 21172781, 21172935, 21172935, 21172931]",Washington,2
362,469715824229,Safari,iOS 10.0,Tablet,13,"[21164354, 21172958, 21172958, 21164348, 21172800, 21172800, 21172800, 21172929, 21172800, 21172962, 21164354, 21172800, 21172800]",Minnesota,11
363,467187696553,Safari,iOS 10.3,Smart Phone,13,"[21172800, 21172800, 21172962, 21172800, 21172800, 21172800, 21172800, 21172800, 21172800, 21172958, 21172962, 21172962, 21172962]",Washington,7
364,467187696541,Safari,iOS 10.3,Smart Phone,13,"[21172800, 21172800, 21172962, 21172800, 21172800, 21172800, 21172800, 21172800, 21172800, 21172958, 21172962, 21172962, 21172962]",Washington,7
365,467187696542,Safari,iOS 10.3,Smart Phone,13,"[21172800, 21172800, 21172962, 21172800, 21172800, 21172800, 21172800, 21172800, 21172800, 21172958, 21172962, 21172962, 21172962]",Washington,7
366,466833840240,Safari,iOS 10.3,Smart Phone,13,"[21172800, 21172800, 21172962, 21172800, 21172800, 21172800, 21172800, 21172800, 21172800, 21172958, 21172962, 21172962, 21172962]",Washington,19
367,465554984832,Safari,iOS 10.0,Smart Phone,15,"[21164354, 21172962, 21172958, 21172962, 21172800, 21172962, 21172962, 21172800, 21172800, 21172800, 21172800, 21164354, 21172800, 21172800, 21172958]",Texas,15
368,465554984833,Safari,iOS 10.0,Smart Phone,15,"[21164354, 21172962, 21172958, 21172962, 21172800, 21172962, 21172962, 21172800, 21172800, 21172800, 21172800, 21164354, 21172800, 21172800, 21172958]",Texas,15
369,468075604303,Safari,iOS 10.3,Smart Phone,15,"[21172962, 21172800, 21172800, 21172800, 21172962, 21172800, 21172800, 21172800, 21172800, 21172800, 21172800, 21172958, 21172962, 21172962, 21172962]",California,22
370,468075604302,Safari,iOS 10.3,Smart Phone,15,"[21172962, 21172800, 21172800, 21172800, 21172962, 21172800, 21172800, 21172800, 21172800, 21172800, 21172800, 21172958, 21172962, 21172962, 21172962]",California,22
371,468075604306,Safari,iOS 10.3,Smart Phone,15,"[21172962, 21172800, 21172800, 21172800, 21172962, 21172800, 21172800, 21172800, 21172800, 21172800, 21172800, 21172958, 21172962, 21172962, 21172962]",California,22
372,465554984835,Safari,iOS 10.0,Smart Phone,15,"[21164354, 21172962, 21172958, 21172962, 21172800, 21172962, 21172962, 21172800, 21172800, 21172800, 21172800, 21164354, 21172800, 21172800, 21172958]",Texas,17
373,465554984834,Safari,iOS 10.0,Smart Phone,15,"[21164354, 21172962, 21172958, 21172962, 21172800, 21172962, 21172962, 21172800, 21172800, 21172800, 21172800, 21164354, 21172800, 21172800, 21172958]",Texas,15
374,469037786222,Edge,Windows 10,PC,16,"[21172934, 21172934, 21172930, 21172934, 21172782, 21172934, 21172934, 21172934, 21172930, 21172782, 21172782, 21172780, 21172934, 21164348, 21172935, 21172934]",Washington,1
375,469037786221,Edge,Windows 10,PC,16,"[21172934, 21172934, 21172930, 21172934, 21172782, 21172934, 21172934, 21172934, 21172930, 21172782, 21172782, 21172780, 21172934, 21164348, 21172935, 21172934]",Washington,1
376,469037786219,Edge,Windows 10,PC,16,"[21172934, 21172934, 21172930, 21172934, 21172782, 21172934, 21172934, 21172934, 21172930, 21172782, 21172782, 21172780, 21172934, 21164348, 21172935, 21172934]",Washington,1
377,469037786220,Edge,Windows 10,PC,16,"[21172934, 21172934, 21172930, 21172934, 21172782, 21172934, 21172934, 21172934, 21172930, 21172782, 21172782, 21172780, 21172934, 21164348, 21172935, 21172934]",Washington,1
378,469037786223,Edge,Windows 10,PC,16,"[21172934, 21172934, 21172930, 21172934, 21172782, 21172934, 21172934, 21172934, 21172930, 21172782, 21172782, 21172780, 21172934, 21164348, 21172935, 21172934]",Washington,1
379,464645689583,Chrome,Android 6.0,Smart Phone,19,"[21172962, 21172962, 21172962, 21172958, 21172962, 21172800, 21172800, 21172962, 21172800, 21172800, 21172800, 21172958, 21164354, 21164354, 21172958, 21172962, 21172962, 21164354, 21172800]",Illinois,16
380,470707731521,Safari,iOS 10.3,Smart Phone,20,"[21172958, 21172962, 21172800, 21172800, 21164354, 21172800, 21172962, 21172962, 21164354, 21164354, 21172962, 21172958, 21164354, 21172962, 21172962, 21172962, 21172958, 21172958, 21164354, 21172962]",Minnesota,15
381,470707731522,Safari,iOS 10.3,Smart Phone,20,"[21172958, 21172962, 21172800, 21172800, 21164354, 21172800, 21172962, 21172962, 21164354, 21164354, 21172962, 21172958, 21164354, 21172962, 21172962, 21172962, 21172958, 21172958, 21164354, 21172962]",Minnesota,15
382,471852919872,Safari,iOS 10.3,Smart Phone,21,"[21172962, 21172958, 21172800, 21164354, 21172962, 21172958, 21172962, 21172800, 21172800, 21172800, 21172962, 21172800, 21172800, 21172800, 21172800, 21172800, 21172800, 21172958, 21172962, 21172962, 21172962]",Washington,18
383,471852919873,Safari,iOS 10.3,Smart Phone,21,"[21172962, 21172958, 21172800, 21164354, 21172962, 21172958, 21172962, 21172800, 21172800, 21172800, 21172962, 21172800, 21172800, 21172800, 21172800, 21172800, 21172800, 21172958, 21172962, 21172962, 21172962]",Washington,18
384,471079402567,Chrome,iOS 10.2,Smart Phone,22,"[21172962, 21172958, 21172958, 21172958, 21172962, 21172958, 21172962, 21172958, 21172958, 21172962, 21164354, 21164354, 21164354, 21164354, 21172962, 21172958, 21172962, 21172962, 21172958, 21172958, 21164354, 21164354]",Washington,1
385,468842310977,Safari,iOS 10.3,Tablet,22,"[21172800, 21172962, 21172958, 21164354, 21172800, 21172800, 21172800, 21172800, 21172800, 21172800, 21172800, 21172800, 21172800, 21172962, 21172958, 21172962, 21172962, 21164354, 21172800, 21172962, 21172800, 21164354]",Washington,11
386,468842310976,Safari,iOS 10.3,Tablet,22,"[21172800, 21172962, 21172958, 21164354, 21172800, 21172800, 21172800, 21172800, 21172800, 21172800, 21172800, 21172800, 21172800, 21172962, 21172958, 21172962, 21172962, 21164354, 21172800, 21172962, 21172800, 21164354]",Washington,11
387,468842310985,Safari,iOS 10.3,Tablet,22,"[21172800, 21172962, 21172958, 21164354, 21172800, 21172800, 21172800, 21172800, 21172800, 21172800, 21172800, 21172800, 21172800, 21172962, 21172958, 21172962, 21172962, 21164354, 21172800, 21172962, 21172800, 21164354]",Washington,11
388,471079402568,Chrome,iOS 10.2,Smart Phone,22,"[21172962, 21172958, 21172958, 21172958, 21172962, 21172958, 21172962, 21172958, 21172958, 21172962, 21164354, 21164354, 21164354, 21164354, 21172962, 21172958, 21172962, 21172962, 21172958, 21172958, 21164354, 21164354]",Washington,1
389,470649290517,Unsupported,iOS 10.3,Tablet,23,"[21164354, 21172962, 21172958, 21172958, 21164354, 21172962, 21172800, 21172962, 21172800, 21172800, 21172800, 21172800, 21172800, 21172962, 21164354, 21164354, 21172962, 21172962, 21172800, 21164354, 21172800, 21172800, 21172800]",Utah,14
390,470649290518,Unsupported,iOS 10.3,Tablet,23,"[21164354, 21172962, 21172958, 21172958, 21164354, 21172962, 21172800, 21172962, 21172800, 21172800, 21172800, 21172800, 21172800, 21172962, 21164354, 21164354, 21172962, 21172962, 21172800, 21164354, 21172800, 21172800, 21172800]",Utah,14
391,471701690381,Safari,iOS 10.3,Tablet,24,"[21172800, 21172800, 21172800, 21172958, 21172958, 21164354, 21172958, 21172958, 21164354, 21164354, 21164354, 21172962, 21172958, 21172958, 21164354, 21172962, 21172958, 21164354, 21164354, 21164354, 21172958, 21164354, 21172962, 21172962]",Washington,0
392,471701690383,Safari,iOS 10.3,Tablet,24,"[21172800, 21172800, 21172800, 21172958, 21172958, 21164354, 21172958, 21172958, 21164354, 21164354, 21164354, 21172962, 21172958, 21172958, 21164354, 21172962, 21172958, 21164354, 21164354, 21164354, 21172958, 21164354, 21172962, 21172962]",Washington,0
393,471701690382,Safari,iOS 10.3,Tablet,24,"[21172800, 21172800, 21172800, 21172958, 21172958, 21164354, 21172958, 21172958, 21164354, 21164354, 21164354, 21172962, 21172958, 21172958, 21164354, 21172962, 21172958, 21164354, 21164354, 21164354, 21172958, 21164354, 21172962, 21172962]",Washington,0
394,471701690380,Safari,iOS 10.3,Tablet,24,"[21172800, 21172800, 21172800, 21172958, 21172958, 21164354, 21172958, 21172958, 21164354, 21164354, 21164354, 21172962, 21172958, 21172958, 21164354, 21172962, 21172958, 21164354, 21164354, 21164354, 21172958, 21164354, 21172962, 21172962]",Washington,0
395,464911874756,Chrome,Android 6.0,Smart Phone,27,"[21172958, 21164354, 21164354, 21172958, 21164354, 21172800, 21172800, 21172800, 21172800, 21172800, 21172800, 21172800, 21164354, 21172958, 21164354, 21172800, 21164354, 21172800, 21172800, 21172800, 21172800, 21172958, 21172962, 21164354, 21172962, 21172800, 21172958]",Minnesota,15
396,464911874753,Chrome,Android 6.0,Smart Phone,27,"[21172958, 21164354, 21164354, 21172958, 21164354, 21172800, 21172800, 21172800, 21172800, 21172800, 21172800, 21172800, 21164354, 21172958, 21164354, 21172800, 21164354, 21172800, 21172800, 21172800, 21172800, 21172958, 21172962, 21164354, 21172962, 21172800, 21172958]",Minnesota,15
397,464911874754,Chrome,Android 6.0,Smart Phone,27,"[21172958, 21164354, 21164354, 21172958, 21164354, 21172800, 21172800, 21172800, 21172800, 21172800, 21172800, 21172800, 21164354, 21172958, 21164354, 21172800, 21164354, 21172800, 21172800, 21172800, 21172800, 21172958, 21172962, 21164354, 21172962, 21172800, 21172958]",Minnesota,15
398,464911874755,Chrome,Android 6.0,Smart Phone,27,"[21172958, 21164354, 21164354, 21172958, 21164354, 21172800, 21172800, 21172800, 21172800, 21172800, 21172800, 21172800, 21164354, 21172958, 21164354, 21172800, 21164354, 21172800, 21172800, 21172800, 21172800, 21172958, 21172962, 21164354, 21172962, 21172800, 21172958]",Minnesota,15
399,470839504054,Chrome,iOS 10.3,Smart Phone,29,"[21172962, 21172958, 21164354, 21164354, 21172958, 21172958, 21172962, 21172962, 21172958, 21164354, 21172958, 21172962, 21172962, 21172962, 21164354, 21172958, 21172958, 21172958, 21164354, 21172800, 21172800, 21164354, 21172958, 21172962, 21172962, 21172962, 21172962, 21164354, 21164354]",Minnesota,3
400,470839504053,Chrome,iOS 10.3,Smart Phone,29,"[21172962, 21172958, 21164354, 21164354, 21172958, 21172958, 21172962, 21172962, 21172958, 21164354, 21172958, 21172962, 21172962, 21172962, 21164354, 21172958, 21172958, 21172958, 21164354, 21172800, 21172800, 21164354, 21172958, 21172962, 21172962, 21172962, 21172962, 21164354, 21164354]",Minnesota,3
401,471992254667,Safari,Mac 10.12 Sierra,Mac,29,"[21172782, 21172934, 21172934, 21172934, 21172930, 21172782, 21172782, 21172934, 21172782, 21172782, 21172782, 21172930, 21172930, 21172930, 21172934, 21172934, 21172934, 21172934, 21172782, 21172782, 21172930, 21172930, 21172934, 21172782, 21172782, 21172930, 21172930, 21172934, 21172930]",Washington,19
402,471992254668,Safari,Mac 10.12 Sierra,Mac,29,"[21172782, 21172934, 21172934, 21172934, 21172930, 21172782, 21172782, 21172934, 21172782, 21172782, 21172782, 21172930, 21172930, 21172930, 21172934, 21172934, 21172934, 21172934, 21172782, 21172782, 21172930, 21172930, 21172934, 21172782, 21172782, 21172930, 21172930, 21172934, 21172930]",Washington,19
403,470839446355,Safari,iOS 9.3,Tablet,30,"[21172962, 21172962, 21172800, 21172800, 21164354, 21172962, 21164354, 21164354, 21164354, 21172958, 21172962, 21164354, 21164354, 21172800, 21172962, 21172958, 21164354, 21172800, 21172800, 21172800, 21172800, 21172800, 21172800, 21172800, 21172800, 21172800, 21172962, 21172958, 21172962, 21172962]",Washington,2
404,465235288164,Chrome,Android 6.0,Smart Phone,30,"[21172958, 21172962, 21164354, 21172962, 21172962, 21164354, 21164354, 21164354, 21172958, 21172962, 21172958, 21164354, 21172962, 21172800, 21172962, 21172962, 21172958, 21172958, 21172962, 21172958, 21172962, 21172800, 21164354, 21172800, 21172800, 21172962, 21172958, 21164354, 21172962, 21164354]",Minnesota,18
405,468716040705,Edge,Windows 10,PC,30,"[21164348, 21164348, 21164348, 21164348, 21164348, 21164348, 21164348, 21164348, 21164348, 21164348, 21172781, 21172931, 21164348, 21172934, 21164348, 21172780, 21172935, 21172782, 21172931, 21172932, 21172781, 21172781, 21164348, 21164348, 21172781, 21172930, 21172934, 21164348, 21172931, 21172780]",Washington,0
406,465472545102,Safari,iOS 10.3,Tablet,30,"[21172800, 21164354, 21172962, 21164354, 21172958, 21172958, 21164354, 21172958, 21172962, 21172958, 21172958, 21164354, 21172958, 21164354, 21172962, 21172958, 21172962, 21172800, 21164354, 21172962, 21172958, 21172962, 21164354, 21172958, 21164354, 21172962, 21172962, 21172962, 21172800, 21172800]",Minnesota,8
407,470839446356,Safari,iOS 9.3,Tablet,30,"[21172962, 21172962, 21172800, 21172800, 21164354, 21172962, 21164354, 21164354, 21164354, 21172958, 21172962, 21164354, 21164354, 21172800, 21172962, 21172958, 21164354, 21172800, 21172800, 21172800, 21172800, 21172800, 21172800, 21172800, 21172800, 21172800, 21172962, 21172958, 21172962, 21172962]",Washington,2
408,465235288151,Chrome,Android 6.0,Smart Phone,30,"[21172958, 21172962, 21164354, 21172962, 21172962, 21164354, 21164354, 21164354, 21172958, 21172962, 21172958, 21164354, 21172962, 21172800, 21172962, 21172962, 21172958, 21172958, 21172962, 21172958, 21172962, 21172800, 21164354, 21172800, 21172800, 21172962, 21172958, 21164354, 21172962, 21164354]",Minnesota,18
409,467401167179,Chrome,Android 6.0,Smart Phone,30,"[21164354, 21164354, 21164354, 21164354, 21164348, 21172958, 21172962, 21172958, 21164354, 21172800, 21172800, 21172962, 21172958, 21172958, 21172962, 21164354, 21172962, 21172962, 21164354, 21172962, 21172800, 21172962, 21172800, 21172962, 21172958, 21172962, 21172800, 21172962, 21172962, 21172958]",Minnesota,12
410,464866964940,Safari,iOS 10.3,Tablet,30,"[21172958, 21172962, 21164354, 21172958, 21164354, 21172962, 21172962, 21172962, 21172800, 21172800, 21172962, 21172962, 21172800, 21172800, 21172800, 21172800, 21172800, 21164354, 21164354, 21172800, 21172800, 21172800, 21164354, 21172962, 21172800, 21172800, 21172958, 21164354, 21164354, 21172962]",Minnesota,9
411,464866964939,Safari,iOS 10.3,Tablet,30,"[21172958, 21172962, 21164354, 21172958, 21164354, 21172962, 21172962, 21172962, 21172800, 21172800, 21172962, 21172962, 21172800, 21172800, 21172800, 21172800, 21172800, 21164354, 21164354, 21172800, 21172800, 21172800, 21164354, 21172962, 21172800, 21172800, 21172958, 21164354, 21164354, 21172962]",Minnesota,9
412,465235288165,Chrome,Android 6.0,Smart Phone,30,"[21172958, 21172962, 21164354, 21172962, 21172962, 21164354, 21164354, 21164354, 21172958, 21172962, 21172958, 21164354, 21172962, 21172800, 21172962, 21172962, 21172958, 21172958, 21172962, 21172958, 21172962, 21172800, 21164354, 21172800, 21172800, 21172962, 21172958, 21164354, 21172962, 21164354]",Minnesota,18
413,468775345542,Edge,Windows 10,PC,30,"[21164348, 21164348, 21164348, 21164348, 21164348, 21164348, 21164348, 21164348, 21164348, 21164348, 21172781, 21172931, 21164348, 21172934, 21164348, 21172780, 21172935, 21172782, 21172931, 21172932, 21172781, 21172781, 21164348, 21164348, 21172781, 21172930, 21172934, 21164348, 21172931, 21172780]",Washington,0
414,468775345541,Edge,Windows 10,PC,30,"[21164348, 21164348, 21164348, 21164348, 21164348, 21164348, 21164348, 21164348, 21164348, 21164348, 21172781, 21172931, 21172934, 21164348, 21164348, 21172780, 21172935, 21172782, 21172931, 21172932, 21172781, 21172781, 21164348, 21164348, 21172781, 21172930, 21172934, 21164348, 21172931, 21172780]",Washington,0
415,464866964938,Safari,iOS 10.3,Tablet,30,"[21172958, 21172962, 21164354, 21172958, 21164354, 21172962, 21172962, 21172962, 21172800, 21172800, 21172962, 21172962, 21172800, 21172800, 21172800, 21172800, 21172800, 21164354, 21164354, 21172800, 21172800, 21172800, 21164354, 21172962, 21172800, 21172800, 21172958, 21164354, 21164354, 21172962]",Minnesota,9
416,465235288150,Chrome,Android 6.0,Smart Phone,30,"[21172958, 21172962, 21164354, 21172962, 21172962, 21164354, 21164354, 21164354, 21172958, 21172962, 21172958, 21164354, 21172962, 21172800, 21172962, 21172962, 21172958, 21172958, 21172962, 21172958, 21172962, 21172800, 21164354, 21172800, 21172800, 21172962, 21172958, 21164354, 21172962, 21164354]",Minnesota,18
417,468775345540,Edge,Windows 10,PC,30,"[21164348, 21164348, 21164348, 21164348, 21164348, 21164348, 21164348, 21164348, 21164348, 21164348, 21172781, 21172931, 21164348, 21172934, 21164348, 21172780, 21172935, 21172782, 21172931, 21172932, 21172781, 21172781, 21164348, 21164348, 21172781, 21172930, 21172934, 21164348, 21172931, 21172780]",Washington,0
418,468716040706,Edge,Windows 10,PC,30,"[21164348, 21164348, 21164348, 21164348, 21164348, 21164348, 21164348, 21164348, 21164348, 21164348, 21172781, 21172931, 21164348, 21172934, 21164348, 21172780, 21172935, 21172782, 21172931, 21172932, 21172781, 21172781, 21164348, 21164348, 21172781, 21172930, 21172934, 21164348, 21172931, 21172780]",Washington,0
